"APR","Count"
"0","28972"
"3.006","1"
"3.007","0"
"3.008","0"
"3.009","0"
"3.01","0"
"3.011","0"
"3.012","2"
"3.013","0"
"3.014","0"
"3.015","2"
"3.016","3"
"3.017","0"
"3.018","1"
"3.019","1"
"3.02","0"
"3.021","0"
"3.022","0"
"3.023","1"
"3.024","0"
"3.025","1"
"3.026","1"
"3.027","0"
"3.028","0"
"3.029","0"
"3.03","2"
"3.031","0"
"3.032","0"
"3.033","0"
"3.034","1"
"3.035","1"
"3.036","1"
"3.037","1"
"3.038","0"
"3.039","0"
"3.04","1"
"3.041","1"
"3.042","1"
"3.043","0"
"3.044","0"
"3.045","1"
"3.046","0"
"3.047","0"
"3.048","0"
"3.049","0"
"3.05","2"
"3.051","1"
"3.052","0"
"3.053","1"
"3.054","0"
"3.055","0"
"3.056","0"
"3.057","0"
"3.058","0"
"3.059","0"
"3.06","0"
"3.061","0"
"3.062","0"
"3.063","0"
"3.064","2"
"3.065","0"
"3.066","0"
"3.067","0"
"3.068","0"
"3.069","1"
"3.07","0"
"3.071","1"
"3.072","3"
"3.073","0"
"3.074","0"
"3.075","0"
"3.076","0"
"3.077","0"
"3.078","0"
"3.079","0"
"3.08","0"
"3.081","0"
"3.082","0"
"3.083","0"
"3.084","0"
"3.085","0"
"3.086","1"
"3.087","1"
"3.088","0"
"3.089","0"
"3.09","0"
"3.091","1"
"3.092","0"
"3.093","1"
"3.094","0"
"3.095","0"
"3.096","0"
"3.097","0"
"3.098","0"
"3.099","1"
"3.1","0"
"3.101","2"
"3.102","0"
"3.103","0"
"3.104","0"
"3.105","0"
"3.106","0"
"3.107","0"
"3.108","0"
"3.109","0"
"3.11","0"
"3.111","4"
"3.112","0"
"3.113","0"
"3.114","2"
"3.115","1"
"3.116","0"
"3.117","0"
"3.118","0"
"3.119","0"
"3.12","0"
"3.121","0"
"3.122","0"
"3.123","0"
"3.124","2"
"3.125","4"
"3.126","3"
"3.127","1"
"3.128","0"
"3.129","1"
"3.13","1"
"3.131","1"
"3.132","1"
"3.133","0"
"3.134","0"
"3.135","2"
"3.136","2"
"3.137","0"
"3.138","2"
"3.139","3"
"3.14","4"
"3.141","1"
"3.142","5"
"3.143","2"
"3.144","1"
"3.145","3"
"3.146","2"
"3.147","1"
"3.148","9"
"3.149","4"
"3.15","2"
"3.151","3"
"3.152","4"
"3.153","4"
"3.154","0"
"3.155","1"
"3.156","1"
"3.157","1"
"3.158","1"
"3.159","7"
"3.16","5"
"3.161","2"
"3.162","2"
"3.163","5"
"3.164","2"
"3.165","1"
"3.166","1"
"3.167","2"
"3.168","4"
"3.169","0"
"3.17","4"
"3.171","3"
"3.172","3"
"3.173","0"
"3.174","1"
"3.175","1"
"3.176","0"
"3.177","1"
"3.178","3"
"3.179","2"
"3.18","1"
"3.181","4"
"3.182","5"
"3.183","0"
"3.184","0"
"3.185","0"
"3.186","2"
"3.187","1"
"3.188","4"
"3.189","0"
"3.19","1"
"3.191","1"
"3.192","1"
"3.193","0"
"3.194","0"
"3.195","1"
"3.196","4"
"3.197","1"
"3.198","1"
"3.199","3"
"3.2","9"
"3.201","1"
"3.202","3"
"3.203","0"
"3.204","3"
"3.205","2"
"3.206","1"
"3.207","2"
"3.208","1"
"3.209","4"
"3.21","4"
"3.211","4"
"3.212","4"
"3.213","1"
"3.214","4"
"3.215","3"
"3.216","5"
"3.217","4"
"3.218","3"
"3.219","3"
"3.22","5"
"3.221","2"
"3.222","3"
"3.223","4"
"3.224","5"
"3.225","4"
"3.226","1"
"3.227","1"
"3.228","6"
"3.229","5"
"3.23","1"
"3.231","3"
"3.232","2"
"3.233","3"
"3.234","19"
"3.235","5"
"3.236","5"
"3.237","3"
"3.238","5"
"3.239","1"
"3.24","2"
"3.241","2"
"3.242","6"
"3.243","2"
"3.244","2"
"3.245","8"
"3.246","3"
"3.247","4"
"3.248","4"
"3.249","4"
"3.25","101"
"3.251","2"
"3.252","11"
"3.253","4"
"3.254","1"
"3.255","4"
"3.256","5"
"3.257","4"
"3.258","5"
"3.259","2"
"3.26","6"
"3.261","8"
"3.262","5"
"3.263","4"
"3.264","9"
"3.265","3"
"3.266","4"
"3.267","5"
"3.268","1"
"3.269","3"
"3.27","5"
"3.271","1"
"3.272","1"
"3.273","2"
"3.274","2"
"3.275","3"
"3.276","4"
"3.277","6"
"3.278","2"
"3.279","1"
"3.28","3"
"3.281","5"
"3.282","6"
"3.283","2"
"3.284","12"
"3.285","8"
"3.286","1"
"3.287","5"
"3.288","5"
"3.289","2"
"3.29","6"
"3.291","0"
"3.292","17"
"3.293","9"
"3.294","6"
"3.295","8"
"3.296","6"
"3.297","9"
"3.298","9"
"3.299","7"
"3.3","3"
"3.301","0"
"3.302","5"
"3.303","8"
"3.304","7"
"3.305","8"
"3.306","10"
"3.307","7"
"3.308","4"
"3.309","9"
"3.31","3"
"3.311","6"
"3.312","8"
"3.313","9"
"3.314","12"
"3.315","6"
"3.316","6"
"3.317","15"
"3.318","5"
"3.319","12"
"3.32","4"
"3.321","9"
"3.322","3"
"3.323","3"
"3.324","7"
"3.325","17"
"3.326","8"
"3.327","5"
"3.328","4"
"3.329","7"
"3.33","9"
"3.331","12"
"3.332","2"
"3.333","9"
"3.334","3"
"3.335","4"
"3.336","12"
"3.337","8"
"3.338","11"
"3.339","12"
"3.34","13"
"3.341","5"
"3.342","14"
"3.343","11"
"3.344","7"
"3.345","11"
"3.346","11"
"3.347","4"
"3.348","10"
"3.349","8"
"3.35","3"
"3.351","4"
"3.352","9"
"3.353","11"
"3.354","9"
"3.355","2"
"3.356","11"
"3.357","10"
"3.358","6"
"3.359","17"
"3.36","8"
"3.361","4"
"3.362","14"
"3.363","11"
"3.364","17"
"3.365","4"
"3.366","3"
"3.367","10"
"3.368","14"
"3.369","8"
"3.37","4"
"3.371","19"
"3.372","11"
"3.373","17"
"3.374","12"
"3.375","223"
"3.376","7"
"3.377","13"
"3.378","3"
"3.379","23"
"3.38","20"
"3.381","11"
"3.382","8"
"3.383","7"
"3.384","3"
"3.385","15"
"3.386","9"
"3.387","11"
"3.388","7"
"3.389","9"
"3.39","14"
"3.391","13"
"3.392","12"
"3.393","8"
"3.394","10"
"3.395","13"
"3.396","10"
"3.397","3"
"3.398","9"
"3.399","5"
"3.4","5"
"3.401","13"
"3.402","6"
"3.403","5"
"3.404","8"
"3.405","4"
"3.406","10"
"3.407","6"
"3.408","5"
"3.409","12"
"3.41","14"
"3.411","8"
"3.412","12"
"3.413","5"
"3.414","8"
"3.415","6"
"3.416","9"
"3.417","5"
"3.418","7"
"3.419","7"
"3.42","8"
"3.421","12"
"3.422","8"
"3.423","7"
"3.424","9"
"3.425","10"
"3.426","8"
"3.427","13"
"3.428","8"
"3.429","10"
"3.43","10"
"3.431","4"
"3.432","10"
"3.433","13"
"3.434","5"
"3.435","8"
"3.436","11"
"3.437","10"
"3.438","4"
"3.439","11"
"3.44","4"
"3.441","8"
"3.442","10"
"3.443","5"
"3.444","7"
"3.445","8"
"3.446","12"
"3.447","5"
"3.448","6"
"3.449","14"
"3.45","1"
"3.451","10"
"3.452","10"
"3.453","11"
"3.454","14"
"3.455","11"
"3.456","5"
"3.457","24"
"3.458","11"
"3.459","7"
"3.46","14"
"3.461","5"
"3.462","9"
"3.463","5"
"3.464","14"
"3.465","14"
"3.466","11"
"3.467","7"
"3.468","7"
"3.469","9"
"3.47","14"
"3.471","8"
"3.472","8"
"3.473","4"
"3.474","13"
"3.475","22"
"3.476","40"
"3.477","7"
"3.478","11"
"3.479","13"
"3.48","9"
"3.481","7"
"3.482","10"
"3.483","9"
"3.484","8"
"3.485","10"
"3.486","14"
"3.487","11"
"3.488","14"
"3.489","8"
"3.49","140"
"3.491","17"
"3.492","16"
"3.493","15"
"3.494","18"
"3.495","15"
"3.496","6"
"3.497","17"
"3.498","14"
"3.499","11"
"3.5","208"
"3.501","16"
"3.502","12"
"3.503","10"
"3.504","42"
"3.505","21"
"3.506","9"
"3.507","21"
"3.508","10"
"3.509","13"
"3.51","14"
"3.511","11"
"3.512","21"
"3.513","13"
"3.514","14"
"3.515","9"
"3.516","27"
"3.517","20"
"3.518","8"
"3.519","24"
"3.52","14"
"3.521","8"
"3.522","5"
"3.523","8"
"3.524","7"
"3.525","9"
"3.526","18"
"3.527","11"
"3.528","12"
"3.529","16"
"3.53","8"
"3.531","23"
"3.532","4"
"3.533","9"
"3.534","14"
"3.535","5"
"3.536","10"
"3.537","11"
"3.538","8"
"3.539","7"
"3.54","12"
"3.541","3"
"3.542","6"
"3.543","10"
"3.544","8"
"3.545","15"
"3.546","13"
"3.547","6"
"3.548","9"
"3.549","9"
"3.55","11"
"3.551","3"
"3.552","16"
"3.553","13"
"3.554","7"
"3.555","6"
"3.556","6"
"3.557","14"
"3.558","9"
"3.559","14"
"3.56","8"
"3.561","8"
"3.562","11"
"3.563","5"
"3.564","16"
"3.565","12"
"3.566","6"
"3.567","13"
"3.568","13"
"3.569","9"
"3.57","14"
"3.571","11"
"3.572","10"
"3.573","10"
"3.574","10"
"3.575","6"
"3.576","7"
"3.577","9"
"3.578","10"
"3.579","10"
"3.58","20"
"3.581","11"
"3.582","12"
"3.583","7"
"3.584","9"
"3.585","8"
"3.586","11"
"3.587","12"
"3.588","10"
"3.589","22"
"3.59","20"
"3.591","10"
"3.592","14"
"3.593","12"
"3.594","20"
"3.595","11"
"3.596","9"
"3.597","19"
"3.598","19"
"3.599","10"
"3.6","7"
"3.601","12"
"3.602","13"
"3.603","28"
"3.604","12"
"3.605","13"
"3.606","17"
"3.607","21"
"3.608","17"
"3.609","18"
"3.61","19"
"3.611","13"
"3.612","16"
"3.613","22"
"3.614","20"
"3.615","23"
"3.616","22"
"3.617","14"
"3.618","18"
"3.619","23"
"3.62","19"
"3.621","23"
"3.622","19"
"3.623","16"
"3.624","20"
"3.625","510"
"3.626","24"
"3.627","27"
"3.628","25"
"3.629","17"
"3.63","26"
"3.631","25"
"3.632","27"
"3.633","36"
"3.634","19"
"3.635","22"
"3.636","22"
"3.637","18"
"3.638","13"
"3.639","15"
"3.64","18"
"3.641","24"
"3.642","13"
"3.643","24"
"3.644","21"
"3.645","33"
"3.646","30"
"3.647","17"
"3.648","21"
"3.649","21"
"3.65","15"
"3.651","17"
"3.652","13"
"3.653","15"
"3.654","22"
"3.655","22"
"3.656","19"
"3.657","23"
"3.658","21"
"3.659","27"
"3.66","16"
"3.661","24"
"3.662","19"
"3.663","14"
"3.664","25"
"3.665","28"
"3.666","12"
"3.667","19"
"3.668","29"
"3.669","15"
"3.67","34"
"3.671","25"
"3.672","28"
"3.673","13"
"3.674","27"
"3.675","23"
"3.676","20"
"3.677","23"
"3.678","20"
"3.679","21"
"3.68","17"
"3.681","14"
"3.682","18"
"3.683","23"
"3.684","18"
"3.685","18"
"3.686","14"
"3.687","19"
"3.688","22"
"3.689","19"
"3.69","16"
"3.691","28"
"3.692","14"
"3.693","22"
"3.694","26"
"3.695","17"
"3.696","29"
"3.697","14"
"3.698","17"
"3.699","17"
"3.7","22"
"3.701","15"
"3.702","37"
"3.703","29"
"3.704","25"
"3.705","29"
"3.706","22"
"3.707","20"
"3.708","17"
"3.709","20"
"3.71","34"
"3.711","34"
"3.712","26"
"3.713","30"
"3.714","28"
"3.715","48"
"3.716","31"
"3.717","46"
"3.718","41"
"3.719","29"
"3.72","29"
"3.721","28"
"3.722","24"
"3.723","40"
"3.724","35"
"3.725","32"
"3.726","34"
"3.727","29"
"3.728","42"
"3.729","27"
"3.73","34"
"3.731","38"
"3.732","32"
"3.733","52"
"3.734","37"
"3.735","33"
"3.736","31"
"3.737","41"
"3.738","37"
"3.739","33"
"3.74","37"
"3.741","43"
"3.742","31"
"3.743","39"
"3.744","52"
"3.745","49"
"3.746","24"
"3.747","26"
"3.748","36"
"3.749","45"
"3.75","784"
"3.751","30"
"3.752","29"
"3.753","41"
"3.754","53"
"3.755","48"
"3.756","38"
"3.757","43"
"3.758","41"
"3.759","41"
"3.76","35"
"3.761","47"
"3.762","48"
"3.763","57"
"3.764","52"
"3.765","47"
"3.766","40"
"3.767","57"
"3.768","67"
"3.769","50"
"3.77","55"
"3.771","56"
"3.772","67"
"3.773","43"
"3.774","24"
"3.775","28"
"3.776","62"
"3.777","35"
"3.778","39"
"3.779","53"
"3.78","41"
"3.781","50"
"3.782","50"
"3.783","60"
"3.784","49"
"3.785","38"
"3.786","37"
"3.787","42"
"3.788","59"
"3.789","74"
"3.79","32"
"3.791","50"
"3.792","65"
"3.793","50"
"3.794","57"
"3.795","48"
"3.796","45"
"3.797","62"
"3.798","44"
"3.799","37"
"3.8","49"
"3.801","55"
"3.802","49"
"3.803","70"
"3.804","39"
"3.805","56"
"3.806","56"
"3.807","62"
"3.808","65"
"3.809","72"
"3.81","54"
"3.811","77"
"3.812","48"
"3.813","49"
"3.814","59"
"3.815","69"
"3.816","56"
"3.817","55"
"3.818","69"
"3.819","53"
"3.82","44"
"3.821","66"
"3.822","46"
"3.823","62"
"3.824","55"
"3.825","56"
"3.826","56"
"3.827","69"
"3.828","59"
"3.829","59"
"3.83","69"
"3.831","40"
"3.832","80"
"3.833","58"
"3.834","70"
"3.835","104"
"3.836","66"
"3.837","51"
"3.838","54"
"3.839","50"
"3.84","50"
"3.841","49"
"3.842","56"
"3.843","57"
"3.844","62"
"3.845","56"
"3.846","56"
"3.847","69"
"3.848","45"
"3.849","54"
"3.85","57"
"3.851","51"
"3.852","56"
"3.853","57"
"3.854","59"
"3.855","63"
"3.856","63"
"3.857","70"
"3.858","56"
"3.859","69"
"3.86","53"
"3.861","55"
"3.862","73"
"3.863","62"
"3.864","65"
"3.865","69"
"3.866","66"
"3.867","72"
"3.868","50"
"3.869","80"
"3.87","58"
"3.871","53"
"3.872","60"
"3.873","66"
"3.874","66"
"3.875","1377"
"3.876","62"
"3.877","71"
"3.878","62"
"3.879","73"
"3.88","69"
"3.881","59"
"3.882","74"
"3.883","69"
"3.884","86"
"3.885","75"
"3.886","82"
"3.887","69"
"3.888","72"
"3.889","83"
"3.89","86"
"3.891","81"
"3.892","76"
"3.893","58"
"3.894","80"
"3.895","85"
"3.896","94"
"3.897","77"
"3.898","59"
"3.899","75"
"3.9","77"
"3.901","84"
"3.902","69"
"3.903","104"
"3.904","106"
"3.905","97"
"3.906","99"
"3.907","45"
"3.908","74"
"3.909","110"
"3.91","75"
"3.911","82"
"3.912","72"
"3.913","84"
"3.914","103"
"3.915","79"
"3.916","81"
"3.917","80"
"3.918","146"
"3.919","92"
"3.92","97"
"3.921","93"
"3.922","429"
"3.923","78"
"3.924","75"
"3.925","78"
"3.926","79"
"3.927","104"
"3.928","81"
"3.929","61"
"3.93","88"
"3.931","84"
"3.932","81"
"3.933","93"
"3.934","114"
"3.935","93"
"3.936","75"
"3.937","101"
"3.938","63"
"3.939","70"
"3.94","109"
"3.941","73"
"3.942","82"
"3.943","91"
"3.944","93"
"3.945","89"
"3.946","80"
"3.947","85"
"3.948","68"
"3.949","67"
"3.95","64"
"3.951","83"
"3.952","89"
"3.953","88"
"3.954","101"
"3.955","76"
"3.956","78"
"3.957","86"
"3.958","84"
"3.959","109"
"3.96","87"
"3.961","74"
"3.962","187"
"3.963","100"
"3.964","64"
"3.965","93"
"3.966","95"
"3.967","64"
"3.968","90"
"3.969","127"
"3.97","90"
"3.971","107"
"3.972","93"
"3.973","104"
"3.974","87"
"3.975","92"
"3.976","88"
"3.977","95"
"3.978","94"
"3.979","82"
"3.98","93"
"3.981","96"
"3.982","94"
"3.983","121"
"3.984","99"
"3.985","101"
"3.986","109"
"3.987","107"
"3.988","92"
"3.989","105"
"3.99","449"
"3.991","106"
"3.992","98"
"3.993","85"
"3.994","84"
"3.995","87"
"3.996","106"
"3.997","90"
"3.998","123"
"3.999","96"
"4","1653"
"4.001","113"
"4.002","107"
"4.003","114"
"4.004","123"
"4.005","116"
"4.006","118"
"4.007","112"
"4.008","104"
"4.009","110"
"4.01","115"
"4.011","128"
"4.012","120"
"4.013","93"
"4.014","88"
"4.015","96"
"4.016","133"
"4.017","126"
"4.018","117"
"4.019","127"
"4.02","89"
"4.021","121"
"4.022","124"
"4.023","111"
"4.024","87"
"4.025","111"
"4.026","115"
"4.027","120"
"4.028","122"
"4.029","126"
"4.03","145"
"4.031","144"
"4.032","104"
"4.033","140"
"4.034","136"
"4.035","121"
"4.036","138"
"4.037","139"
"4.038","107"
"4.039","148"
"4.04","101"
"4.041","121"
"4.042","138"
"4.043","163"
"4.044","108"
"4.045","105"
"4.046","113"
"4.047","175"
"4.048","665"
"4.049","118"
"4.05","131"
"4.051","146"
"4.052","186"
"4.053","155"
"4.054","109"
"4.055","142"
"4.056","133"
"4.057","133"
"4.058","143"
"4.059","188"
"4.06","127"
"4.061","145"
"4.062","126"
"4.063","886"
"4.064","134"
"4.065","145"
"4.066","152"
"4.067","201"
"4.068","173"
"4.069","157"
"4.07","163"
"4.071","156"
"4.072","153"
"4.073","139"
"4.074","122"
"4.075","129"
"4.076","143"
"4.077","135"
"4.078","154"
"4.079","140"
"4.08","142"
"4.081","152"
"4.082","173"
"4.083","182"
"4.084","132"
"4.085","163"
"4.086","115"
"4.087","121"
"4.088","116"
"4.089","249"
"4.09","120"
"4.091","151"
"4.092","137"
"4.093","138"
"4.094","171"
"4.095","154"
"4.096","127"
"4.097","127"
"4.098","175"
"4.099","145"
"4.1","164"
"4.101","175"
"4.102","138"
"4.103","143"
"4.104","165"
"4.105","148"
"4.106","170"
"4.107","140"
"4.108","141"
"4.109","160"
"4.11","155"
"4.111","153"
"4.112","161"
"4.113","152"
"4.114","148"
"4.115","158"
"4.116","158"
"4.117","111"
"4.118","160"
"4.119","186"
"4.12","124"
"4.121","151"
"4.122","138"
"4.123","144"
"4.124","142"
"4.125","2810"
"4.126","148"
"4.127","160"
"4.128","132"
"4.129","196"
"4.13","140"
"4.131","154"
"4.132","173"
"4.133","327"
"4.134","166"
"4.135","161"
"4.136","257"
"4.137","268"
"4.138","185"
"4.139","153"
"4.14","139"
"4.141","142"
"4.142","211"
"4.143","141"
"4.144","177"
"4.145","197"
"4.146","158"
"4.147","204"
"4.148","179"
"4.149","146"
"4.15","154"
"4.151","194"
"4.152","157"
"4.153","289"
"4.154","176"
"4.155","185"
"4.156","239"
"4.157","153"
"4.158","183"
"4.159","131"
"4.16","152"
"4.161","173"
"4.162","222"
"4.163","159"
"4.164","156"
"4.165","141"
"4.166","201"
"4.167","164"
"4.168","176"
"4.169","165"
"4.17","174"
"4.171","168"
"4.172","172"
"4.173","179"
"4.174","840"
"4.175","554"
"4.176","187"
"4.177","283"
"4.178","168"
"4.179","161"
"4.18","165"
"4.181","163"
"4.182","169"
"4.183","165"
"4.184","309"
"4.185","179"
"4.186","179"
"4.187","282"
"4.188","161"
"4.189","626"
"4.19","185"
"4.191","277"
"4.192","188"
"4.193","240"
"4.194","244"
"4.195","191"
"4.196","172"
"4.197","196"
"4.198","154"
"4.199","245"
"4.2","168"
"4.201","184"
"4.202","148"
"4.203","169"
"4.204","308"
"4.205","182"
"4.206","190"
"4.207","188"
"4.208","188"
"4.209","202"
"4.21","179"
"4.211","226"
"4.212","187"
"4.213","173"
"4.214","185"
"4.215","270"
"4.216","206"
"4.217","190"
"4.218","229"
"4.219","198"
"4.22","184"
"4.221","173"
"4.222","207"
"4.223","183"
"4.224","212"
"4.225","204"
"4.226","183"
"4.227","213"
"4.228","169"
"4.229","175"
"4.23","181"
"4.231","175"
"4.232","214"
"4.233","186"
"4.234","196"
"4.235","198"
"4.236","180"
"4.237","246"
"4.238","217"
"4.239","163"
"4.24","188"
"4.241","221"
"4.242","209"
"4.243","184"
"4.244","175"
"4.245","162"
"4.246","164"
"4.247","155"
"4.248","205"
"4.249","176"
"4.25","3981"
"4.251","229"
"4.252","244"
"4.253","178"
"4.254","183"
"4.255","341"
"4.256","190"
"4.257","188"
"4.258","169"
"4.259","205"
"4.26","206"
"4.261","272"
"4.262","227"
"4.263","337"
"4.264","203"
"4.265","230"
"4.266","229"
"4.267","213"
"4.268","265"
"4.269","229"
"4.27","225"
"4.271","246"
"4.272","303"
"4.273","242"
"4.274","407"
"4.275","211"
"4.276","239"
"4.277","221"
"4.278","212"
"4.279","222"
"4.28","312"
"4.281","260"
"4.282","228"
"4.283","181"
"4.284","310"
"4.285","230"
"4.286","219"
"4.287","299"
"4.288","188"
"4.289","214"
"4.29","236"
"4.291","226"
"4.292","231"
"4.293","252"
"4.294","226"
"4.295","248"
"4.296","282"
"4.297","199"
"4.298","201"
"4.299","200"
"4.3","1211"
"4.301","226"
"4.302","403"
"4.303","642"
"4.304","232"
"4.305","196"
"4.306","199"
"4.307","237"
"4.308","254"
"4.309","254"
"4.31","221"
"4.311","225"
"4.312","265"
"4.313","208"
"4.314","225"
"4.315","930"
"4.316","297"
"4.317","207"
"4.318","242"
"4.319","212"
"4.32","328"
"4.321","244"
"4.322","280"
"4.323","210"
"4.324","343"
"4.325","243"
"4.326","226"
"4.327","297"
"4.328","251"
"4.329","346"
"4.33","240"
"4.331","225"
"4.332","413"
"4.333","223"
"4.334","255"
"4.335","240"
"4.336","209"
"4.337","243"
"4.338","231"
"4.339","233"
"4.34","237"
"4.341","225"
"4.342","267"
"4.343","245"
"4.344","212"
"4.345","211"
"4.346","187"
"4.347","209"
"4.348","233"
"4.349","226"
"4.35","188"
"4.351","211"
"4.352","240"
"4.353","216"
"4.354","206"
"4.355","281"
"4.356","289"
"4.357","242"
"4.358","261"
"4.359","275"
"4.36","222"
"4.361","215"
"4.362","276"
"4.363","270"
"4.364","227"
"4.365","218"
"4.366","195"
"4.367","279"
"4.368","238"
"4.369","206"
"4.37","198"
"4.371","202"
"4.372","207"
"4.373","215"
"4.374","284"
"4.375","4071"
"4.376","243"
"4.377","237"
"4.378","241"
"4.379","257"
"4.38","232"
"4.381","423"
"4.382","220"
"4.383","226"
"4.384","212"
"4.385","244"
"4.386","280"
"4.387","242"
"4.388","264"
"4.389","260"
"4.39","381"
"4.391","289"
"4.392","250"
"4.393","245"
"4.394","258"
"4.395","281"
"4.396","289"
"4.397","285"
"4.398","247"
"4.399","271"
"4.4","511"
"4.401","206"
"4.402","282"
"4.403","180"
"4.404","228"
"4.405","279"
"4.406","247"
"4.407","241"
"4.408","200"
"4.409","329"
"4.41","256"
"4.411","226"
"4.412","277"
"4.413","205"
"4.414","269"
"4.415","266"
"4.416","253"
"4.417","278"
"4.418","219"
"4.419","226"
"4.42","256"
"4.421","294"
"4.422","207"
"4.423","244"
"4.424","268"
"4.425","245"
"4.426","3480"
"4.427","277"
"4.428","249"
"4.429","275"
"4.43","2631"
"4.431","255"
"4.432","274"
"4.433","302"
"4.434","325"
"4.435","261"
"4.436","288"
"4.437","281"
"4.438","303"
"4.439","292"
"4.44","264"
"4.441","641"
"4.442","244"
"4.443","285"
"4.444","276"
"4.445","361"
"4.446","340"
"4.447","325"
"4.448","324"
"4.449","337"
"4.45","340"
"4.451","279"
"4.452","413"
"4.453","460"
"4.454","388"
"4.455","269"
"4.456","449"
"4.457","278"
"4.458","308"
"4.459","326"
"4.46","425"
"4.461","269"
"4.462","315"
"4.463","328"
"4.464","415"
"4.465","361"
"4.466","292"
"4.467","340"
"4.468","312"
"4.469","362"
"4.47","381"
"4.471","281"
"4.472","362"
"4.473","282"
"4.474","387"
"4.475","351"
"4.476","309"
"4.477","282"
"4.478","282"
"4.479","301"
"4.48","372"
"4.481","302"
"4.482","290"
"4.483","386"
"4.484","285"
"4.485","277"
"4.486","366"
"4.487","550"
"4.488","295"
"4.489","297"
"4.49","861"
"4.491","301"
"4.492","334"
"4.493","269"
"4.494","347"
"4.495","246"
"4.496","276"
"4.497","293"
"4.498","300"
"4.499","262"
"4.5","5087"
"4.501","290"
"4.502","347"
"4.503","275"
"4.504","299"
"4.505","459"
"4.506","643"
"4.507","323"
"4.508","316"
"4.509","324"
"4.51","271"
"4.511","328"
"4.512","357"
"4.513","323"
"4.514","338"
"4.515","436"
"4.516","328"
"4.517","459"
"4.518","333"
"4.519","329"
"4.52","337"
"4.521","379"
"4.522","287"
"4.523","324"
"4.524","296"
"4.525","748"
"4.526","268"
"4.527","350"
"4.528","257"
"4.529","252"
"4.53","362"
"4.531","236"
"4.532","262"
"4.533","290"
"4.534","402"
"4.535","285"
"4.536","369"
"4.537","332"
"4.538","312"
"4.539","286"
"4.54","439"
"4.541","288"
"4.542","282"
"4.543","378"
"4.544","296"
"4.545","406"
"4.546","243"
"4.547","299"
"4.548","305"
"4.549","290"
"4.55","281"
"4.551","277"
"4.552","2100"
"4.553","343"
"4.554","312"
"4.555","306"
"4.556","780"
"4.557","335"
"4.558","1211"
"4.559","339"
"4.56","347"
"4.561","254"
"4.562","403"
"4.563","274"
"4.564","271"
"4.565","293"
"4.566","291"
"4.567","288"
"4.568","426"
"4.569","260"
"4.57","300"
"4.571","333"
"4.572","301"
"4.573","310"
"4.574","359"
"4.575","586"
"4.576","274"
"4.577","281"
"4.578","419"
"4.579","317"
"4.58","450"
"4.581","244"
"4.582","274"
"4.583","240"
"4.584","245"
"4.585","317"
"4.586","262"
"4.587","240"
"4.588","286"
"4.589","265"
"4.59","337"
"4.591","182"
"4.592","286"
"4.593","222"
"4.594","540"
"4.595","228"
"4.596","271"
"4.597","224"
"4.598","207"
"4.599","222"
"4.6","327"
"4.601","266"
"4.602","294"
"4.603","289"
"4.604","230"
"4.605","221"
"4.606","254"
"4.607","210"
"4.608","204"
"4.609","250"
"4.61","252"
"4.611","248"
"4.612","226"
"4.613","527"
"4.614","247"
"4.615","241"
"4.616","303"
"4.617","236"
"4.618","310"
"4.619","233"
"4.62","232"
"4.621","283"
"4.622","218"
"4.623","275"
"4.624","250"
"4.625","5149"
"4.626","272"
"4.627","270"
"4.628","296"
"4.629","250"
"4.63","238"
"4.631","268"
"4.632","501"
"4.633","329"
"4.634","275"
"4.635","260"
"4.636","277"
"4.637","274"
"4.638","282"
"4.639","341"
"4.64","275"
"4.641","290"
"4.642","314"
"4.643","294"
"4.644","374"
"4.645","327"
"4.646","315"
"4.647","376"
"4.648","280"
"4.649","225"
"4.65","331"
"4.651","411"
"4.652","300"
"4.653","240"
"4.654","388"
"4.655","307"
"4.656","255"
"4.657","266"
"4.658","264"
"4.659","385"
"4.66","213"
"4.661","306"
"4.662","258"
"4.663","320"
"4.664","225"
"4.665","309"
"4.666","288"
"4.667","403"
"4.668","365"
"4.669","277"
"4.67","385"
"4.671","379"
"4.672","268"
"4.673","318"
"4.674","290"
"4.675","277"
"4.676","263"
"4.677","254"
"4.678","1802"
"4.679","311"
"4.68","330"
"4.681","258"
"4.682","935"
"4.683","242"
"4.684","305"
"4.685","304"
"4.686","1675"
"4.687","378"
"4.688","401"
"4.689","367"
"4.69","370"
"4.691","244"
"4.692","368"
"4.693","253"
"4.694","325"
"4.695","266"
"4.696","254"
"4.697","334"
"4.698","228"
"4.699","413"
"4.7","339"
"4.701","544"
"4.702","293"
"4.703","291"
"4.704","328"
"4.705","350"
"4.706","252"
"4.707","263"
"4.708","272"
"4.709","250"
"4.71","236"
"4.711","297"
"4.712","365"
"4.713","213"
"4.714","423"
"4.715","217"
"4.716","197"
"4.717","229"
"4.718","206"
"4.719","225"
"4.72","205"
"4.721","229"
"4.722","211"
"4.723","203"
"4.724","186"
"4.725","186"
"4.726","215"
"4.727","189"
"4.728","199"
"4.729","480"
"4.73","380"
"4.731","198"
"4.732","241"
"4.733","207"
"4.734","187"
"4.735","223"
"4.736","222"
"4.737","281"
"4.738","219"
"4.739","237"
"4.74","206"
"4.741","235"
"4.742","259"
"4.743","190"
"4.744","452"
"4.745","229"
"4.746","251"
"4.747","222"
"4.748","210"
"4.749","210"
"4.75","4992"
"4.751","187"
"4.752","272"
"4.753","227"
"4.754","255"
"4.755","216"
"4.756","213"
"4.757","302"
"4.758","208"
"4.759","312"
"4.76","382"
"4.761","220"
"4.762","260"
"4.763","243"
"4.764","306"
"4.765","285"
"4.766","285"
"4.767","247"
"4.768","302"
"4.769","202"
"4.77","307"
"4.771","404"
"4.772","266"
"4.773","241"
"4.774","279"
"4.775","302"
"4.776","385"
"4.777","223"
"4.778","203"
"4.779","279"
"4.78","197"
"4.781","214"
"4.782","180"
"4.783","213"
"4.784","260"
"4.785","229"
"4.786","226"
"4.787","236"
"4.788","278"
"4.789","260"
"4.79","248"
"4.791","269"
"4.792","251"
"4.793","407"
"4.794","278"
"4.795","229"
"4.796","350"
"4.797","320"
"4.798","274"
"4.799","260"
"4.8","301"
"4.801","193"
"4.802","277"
"4.803","325"
"4.804","1737"
"4.805","271"
"4.806","214"
"4.807","209"
"4.808","347"
"4.809","641"
"4.81","331"
"4.811","174"
"4.812","262"
"4.813","1375"
"4.814","279"
"4.815","488"
"4.816","217"
"4.817","249"
"4.818","209"
"4.819","267"
"4.82","264"
"4.821","228"
"4.822","332"
"4.823","406"
"4.824","481"
"4.825","229"
"4.826","442"
"4.827","348"
"4.828","188"
"4.829","240"
"4.83","289"
"4.831","246"
"4.832","229"
"4.833","247"
"4.834","198"
"4.835","196"
"4.836","251"
"4.837","468"
"4.838","324"
"4.839","443"
"4.84","259"
"4.841","183"
"4.842","208"
"4.843","216"
"4.844","175"
"4.845","215"
"4.846","205"
"4.847","141"
"4.848","172"
"4.849","240"
"4.85","185"
"4.851","160"
"4.852","171"
"4.853","170"
"4.854","380"
"4.855","246"
"4.856","147"
"4.857","212"
"4.858","137"
"4.859","149"
"4.86","327"
"4.861","186"
"4.862","179"
"4.863","166"
"4.864","174"
"4.865","194"
"4.866","239"
"4.867","201"
"4.868","343"
"4.869","408"
"4.87","195"
"4.871","167"
"4.872","322"
"4.873","186"
"4.874","196"
"4.875","4619"
"4.876","195"
"4.877","174"
"4.878","183"
"4.879","181"
"4.88","198"
"4.881","227"
"4.882","179"
"4.883","244"
"4.884","329"
"4.885","236"
"4.886","331"
"4.887","172"
"4.888","179"
"4.889","200"
"4.89","159"
"4.891","208"
"4.892","272"
"4.893","257"
"4.894","191"
"4.895","401"
"4.896","237"
"4.897","199"
"4.898","233"
"4.899","230"
"4.9","230"
"4.901","203"
"4.902","367"
"4.903","229"
"4.904","263"
"4.905","174"
"4.906","177"
"4.907","209"
"4.908","200"
"4.909","213"
"4.91","213"
"4.911","102"
"4.912","165"
"4.913","222"
"4.914","186"
"4.915","187"
"4.916","162"
"4.917","190"
"4.918","222"
"4.919","270"
"4.92","184"
"4.921","225"
"4.922","263"
"4.923","243"
"4.924","185"
"4.925","261"
"4.926","191"
"4.927","170"
"4.928","182"
"4.929","236"
"4.93","1006"
"4.931","272"
"4.932","198"
"4.933","198"
"4.934","188"
"4.935","381"
"4.936","153"
"4.937","121"
"4.938","222"
"4.939","166"
"4.94","214"
"4.941","3013"
"4.942","199"
"4.943","187"
"4.944","159"
"4.945","239"
"4.946","312"
"4.947","172"
"4.948","190"
"4.949","163"
"4.95","178"
"4.951","173"
"4.952","381"
"4.953","304"
"4.954","195"
"4.955","168"
"4.956","186"
"4.957","208"
"4.958","236"
"4.959","190"
"4.96","164"
"4.961","253"
"4.962","198"
"4.963","443"
"4.964","209"
"4.965","321"
"4.966","156"
"4.967","189"
"4.968","216"
"4.969","200"
"4.97","227"
"4.971","193"
"4.972","227"
"4.973","248"
"4.974","192"
"4.975","268"
"4.976","239"
"4.977","262"
"4.978","187"
"4.979","234"
"4.98","357"
"4.981","337"
"4.982","265"
"4.983","213"
"4.984","226"
"4.985","221"
"4.986","187"
"4.987","326"
"4.988","154"
"4.989","233"
"4.99","1085"
"4.991","176"
"4.992","296"
"4.993","163"
"4.994","217"
"4.995","331"
"4.996","141"
"4.997","218"
"4.998","211"
"4.999","202"
"5","2776"
"5.001","165"
"5.002","225"
"5.003","203"
"5.004","211"
"5.005","195"
"5.006","151"
"5.007","193"
"5.008","225"
"5.009","180"
"5.01","272"
"5.011","207"
"5.012","208"
"5.013","324"
"5.014","158"
"5.015","189"
"5.016","150"
"5.017","195"
"5.018","215"
"5.019","149"
"5.02","164"
"5.021","318"
"5.022","191"
"5.023","211"
"5.024","162"
"5.025","207"
"5.026","187"
"5.027","236"
"5.028","115"
"5.029","191"
"5.03","167"
"5.031","170"
"5.032","276"
"5.033","239"
"5.034","152"
"5.035","172"
"5.036","92"
"5.037","156"
"5.038","165"
"5.039","130"
"5.04","181"
"5.041","165"
"5.042","128"
"5.043","146"
"5.044","177"
"5.045","144"
"5.046","213"
"5.047","156"
"5.048","168"
"5.049","129"
"5.05","194"
"5.051","136"
"5.052","120"
"5.053","117"
"5.054","188"
"5.055","129"
"5.056","265"
"5.057","138"
"5.058","127"
"5.059","154"
"5.06","147"
"5.061","342"
"5.062","275"
"5.063","119"
"5.064","153"
"5.065","204"
"5.066","193"
"5.067","362"
"5.068","134"
"5.069","1543"
"5.07","153"
"5.071","199"
"5.072","236"
"5.073","147"
"5.074","129"
"5.075","181"
"5.076","362"
"5.077","133"
"5.078","290"
"5.079","261"
"5.08","135"
"5.081","305"
"5.082","137"
"5.083","178"
"5.084","134"
"5.085","213"
"5.086","109"
"5.087","120"
"5.088","194"
"5.089","154"
"5.09","252"
"5.091","159"
"5.092","142"
"5.093","127"
"5.094","102"
"5.095","128"
"5.096","208"
"5.097","155"
"5.098","117"
"5.099","294"
"5.1","152"
"5.101","190"
"5.102","131"
"5.103","123"
"5.104","159"
"5.105","275"
"5.106","137"
"5.107","233"
"5.108","140"
"5.109","133"
"5.11","165"
"5.111","127"
"5.112","187"
"5.113","152"
"5.114","129"
"5.115","223"
"5.116","170"
"5.117","129"
"5.118","286"
"5.119","130"
"5.12","295"
"5.121","146"
"5.122","87"
"5.123","163"
"5.124","158"
"5.125","3483"
"5.126","240"
"5.127","203"
"5.128","178"
"5.129","142"
"5.13","197"
"5.131","159"
"5.132","114"
"5.133","135"
"5.134","172"
"5.135","187"
"5.136","174"
"5.137","149"
"5.138","283"
"5.139","132"
"5.14","169"
"5.141","149"
"5.142","162"
"5.143","199"
"5.144","145"
"5.145","185"
"5.146","196"
"5.147","180"
"5.148","210"
"5.149","139"
"5.15","288"
"5.151","155"
"5.152","129"
"5.153","193"
"5.154","165"
"5.155","126"
"5.156","206"
"5.157","162"
"5.158","138"
"5.159","140"
"5.16","226"
"5.161","172"
"5.162","208"
"5.163","84"
"5.164","332"
"5.165","189"
"5.166","118"
"5.167","167"
"5.168","118"
"5.169","151"
"5.17","114"
"5.171","86"
"5.172","155"
"5.173","122"
"5.174","138"
"5.175","157"
"5.176","109"
"5.177","173"
"5.178","86"
"5.179","144"
"5.18","81"
"5.181","255"
"5.182","152"
"5.183","349"
"5.184","124"
"5.185","114"
"5.186","112"
"5.187","161"
"5.188","217"
"5.189","143"
"5.19","99"
"5.191","106"
"5.192","332"
"5.193","348"
"5.194","108"
"5.195","93"
"5.196","175"
"5.197","1589"
"5.198","118"
"5.199","125"
"5.2","99"
"5.201","135"
"5.202","105"
"5.203","272"
"5.204","257"
"5.205","183"
"5.206","169"
"5.207","97"
"5.208","134"
"5.209","125"
"5.21","87"
"5.211","137"
"5.212","140"
"5.213","107"
"5.214","244"
"5.215","203"
"5.216","104"
"5.217","121"
"5.218","109"
"5.219","101"
"5.22","155"
"5.221","129"
"5.222","151"
"5.223","102"
"5.224","64"
"5.225","123"
"5.226","142"
"5.227","98"
"5.228","110"
"5.229","140"
"5.23","81"
"5.231","176"
"5.232","125"
"5.233","95"
"5.234","123"
"5.235","139"
"5.236","102"
"5.237","109"
"5.238","111"
"5.239","115"
"5.24","148"
"5.241","106"
"5.242","96"
"5.243","212"
"5.244","106"
"5.245","90"
"5.246","197"
"5.247","98"
"5.248","125"
"5.249","118"
"5.25","2509"
"5.251","137"
"5.252","98"
"5.253","261"
"5.254","121"
"5.255","124"
"5.256","114"
"5.257","93"
"5.258","133"
"5.259","164"
"5.26","124"
"5.261","94"
"5.262","125"
"5.263","110"
"5.264","97"
"5.265","107"
"5.266","124"
"5.267","164"
"5.268","115"
"5.269","90"
"5.27","129"
"5.271","117"
"5.272","120"
"5.273","140"
"5.274","111"
"5.275","118"
"5.276","125"
"5.277","114"
"5.278","244"
"5.279","226"
"5.28","106"
"5.281","117"
"5.282","96"
"5.283","81"
"5.284","88"
"5.285","79"
"5.286","182"
"5.287","105"
"5.288","94"
"5.289","80"
"5.29","172"
"5.291","71"
"5.292","111"
"5.293","81"
"5.294","124"
"5.295","98"
"5.296","78"
"5.297","141"
"5.298","74"
"5.299","122"
"5.3","85"
"5.301","103"
"5.302","85"
"5.303","85"
"5.304","109"
"5.305","103"
"5.306","149"
"5.307","128"
"5.308","63"
"5.309","357"
"5.31","68"
"5.311","84"
"5.312","94"
"5.313","69"
"5.314","194"
"5.315","88"
"5.316","81"
"5.317","179"
"5.318","162"
"5.319","237"
"5.32","116"
"5.321","99"
"5.322","86"
"5.323","109"
"5.324","76"
"5.325","1189"
"5.326","110"
"5.327","74"
"5.328","75"
"5.329","209"
"5.33","71"
"5.331","83"
"5.332","78"
"5.333","82"
"5.334","148"
"5.335","96"
"5.336","68"
"5.337","69"
"5.338","155"
"5.339","113"
"5.34","174"
"5.341","152"
"5.342","71"
"5.343","86"
"5.344","59"
"5.345","96"
"5.346","119"
"5.347","72"
"5.348","74"
"5.349","55"
"5.35","75"
"5.351","79"
"5.352","120"
"5.353","67"
"5.354","75"
"5.355","72"
"5.356","169"
"5.357","75"
"5.358","64"
"5.359","79"
"5.36","88"
"5.361","101"
"5.362","95"
"5.363","62"
"5.364","100"
"5.365","142"
"5.366","65"
"5.367","83"
"5.368","65"
"5.369","125"
"5.37","81"
"5.371","91"
"5.372","142"
"5.373","64"
"5.374","110"
"5.375","1336"
"5.376","77"
"5.377","87"
"5.378","79"
"5.379","94"
"5.38","81"
"5.381","40"
"5.382","75"
"5.383","61"
"5.384","61"
"5.385","122"
"5.386","87"
"5.387","70"
"5.388","108"
"5.389","98"
"5.39","85"
"5.391","88"
"5.392","69"
"5.393","101"
"5.394","148"
"5.395","103"
"5.396","94"
"5.397","87"
"5.398","66"
"5.399","100"
"5.4","80"
"5.401","87"
"5.402","78"
"5.403","68"
"5.404","119"
"5.405","90"
"5.406","109"
"5.407","113"
"5.408","83"
"5.409","56"
"5.41","63"
"5.411","130"
"5.412","66"
"5.413","80"
"5.414","141"
"5.415","67"
"5.416","66"
"5.417","82"
"5.418","136"
"5.419","52"
"5.42","85"
"5.421","86"
"5.422","59"
"5.423","119"
"5.424","65"
"5.425","147"
"5.426","71"
"5.427","72"
"5.428","61"
"5.429","43"
"5.43","96"
"5.431","122"
"5.432","89"
"5.433","47"
"5.434","110"
"5.435","122"
"5.436","41"
"5.437","78"
"5.438","72"
"5.439","73"
"5.44","86"
"5.441","92"
"5.442","65"
"5.443","172"
"5.444","80"
"5.445","262"
"5.446","57"
"5.447","89"
"5.448","74"
"5.449","78"
"5.45","82"
"5.451","92"
"5.452","509"
"5.453","54"
"5.454","144"
"5.455","84"
"5.456","72"
"5.457","83"
"5.458","66"
"5.459","44"
"5.46","93"
"5.461","81"
"5.462","76"
"5.463","49"
"5.464","108"
"5.465","104"
"5.466","184"
"5.467","68"
"5.468","66"
"5.469","62"
"5.47","59"
"5.471","73"
"5.472","58"
"5.473","52"
"5.474","58"
"5.475","42"
"5.476","55"
"5.477","70"
"5.478","60"
"5.479","84"
"5.48","41"
"5.481","58"
"5.482","126"
"5.483","71"
"5.484","50"
"5.485","39"
"5.486","70"
"5.487","48"
"5.488","79"
"5.489","55"
"5.49","62"
"5.491","63"
"5.492","48"
"5.493","66"
"5.494","59"
"5.495","94"
"5.496","59"
"5.497","106"
"5.498","62"
"5.499","41"
"5.5","845"
"5.501","55"
"5.502","42"
"5.503","40"
"5.504","41"
"5.505","57"
"5.506","64"
"5.507","34"
"5.508","40"
"5.509","51"
"5.51","61"
"5.511","60"
"5.512","59"
"5.513","69"
"5.514","65"
"5.515","53"
"5.516","53"
"5.517","58"
"5.518","60"
"5.519","48"
"5.52","79"
"5.521","57"
"5.522","72"
"5.523","76"
"5.524","55"
"5.525","51"
"5.526","82"
"5.527","59"
"5.528","44"
"5.529","59"
"5.53","57"
"5.531","84"
"5.532","75"
"5.533","72"
"5.534","88"
"5.535","84"
"5.536","85"
"5.537","40"
"5.538","43"
"5.539","40"
"5.54","65"
"5.541","68"
"5.542","85"
"5.543","33"
"5.544","49"
"5.545","46"
"5.546","82"
"5.547","183"
"5.548","77"
"5.549","49"
"5.55","34"
"5.551","39"
"5.552","75"
"5.553","36"
"5.554","41"
"5.555","41"
"5.556","58"
"5.557","40"
"5.558","61"
"5.559","41"
"5.56","107"
"5.561","53"
"5.562","47"
"5.563","83"
"5.564","66"
"5.565","64"
"5.566","76"
"5.567","80"
"5.568","129"
"5.569","59"
"5.57","88"
"5.571","207"
"5.572","78"
"5.573","79"
"5.574","58"
"5.575","73"
"5.576","69"
"5.577","71"
"5.578","113"
"5.579","41"
"5.58","561"
"5.581","58"
"5.582","49"
"5.583","109"
"5.584","122"
"5.585","54"
"5.586","107"
"5.587","37"
"5.588","72"
"5.589","92"
"5.59","88"
"5.591","133"
"5.592","57"
"5.593","50"
"5.594","92"
"5.595","39"
"5.596","64"
"5.597","112"
"5.598","21"
"5.599","60"
"5.6","40"
"5.601","67"
"5.602","30"
"5.603","108"
"5.604","48"
"5.605","85"
"5.606","34"
"5.607","114"
"5.608","31"
"5.609","36"
"5.61","83"
"5.611","42"
"5.612","31"
"5.613","58"
"5.614","53"
"5.615","29"
"5.616","101"
"5.617","43"
"5.618","36"
"5.619","76"
"5.62","37"
"5.621","94"
"5.622","39"
"5.623","122"
"5.624","28"
"5.625","816"
"5.626","39"
"5.627","56"
"5.628","34"
"5.629","29"
"5.63","30"
"5.631","58"
"5.632","37"
"5.633","31"
"5.634","24"
"5.635","36"
"5.636","59"
"5.637","30"
"5.638","49"
"5.639","31"
"5.64","33"
"5.641","42"
"5.642","74"
"5.643","30"
"5.644","38"
"5.645","27"
"5.646","48"
"5.647","30"
"5.648","49"
"5.649","23"
"5.65","44"
"5.651","92"
"5.652","55"
"5.653","42"
"5.654","28"
"5.655","60"
"5.656","28"
"5.657","54"
"5.658","40"
"5.659","32"
"5.66","43"
"5.661","65"
"5.662","39"
"5.663","183"
"5.664","75"
"5.665","64"
"5.666","31"
"5.667","75"
"5.668","56"
"5.669","62"
"5.67","90"
"5.671","69"
"5.672","51"
"5.673","82"
"5.674","105"
"5.675","149"
"5.676","51"
"5.677","139"
"5.678","88"
"5.679","88"
"5.68","46"
"5.681","62"
"5.682","95"
"5.683","102"
"5.684","88"
"5.685","84"
"5.686","77"
"5.687","94"
"5.688","90"
"5.689","123"
"5.69","99"
"5.691","103"
"5.692","50"
"5.693","52"
"5.694","140"
"5.695","51"
"5.696","118"
"5.697","146"
"5.698","58"
"5.699","82"
"5.7","52"
"5.701","65"
"5.702","162"
"5.703","65"
"5.704","34"
"5.705","67"
"5.706","134"
"5.707","50"
"5.708","370"
"5.709","58"
"5.71","59"
"5.711","73"
"5.712","96"
"5.713","58"
"5.714","75"
"5.715","74"
"5.716","65"
"5.717","136"
"5.718","81"
"5.719","37"
"5.72","65"
"5.721","57"
"5.722","43"
"5.723","57"
"5.724","90"
"5.725","62"
"5.726","183"
"5.727","30"
"5.728","66"
"5.729","73"
"5.73","46"
"5.731","64"
"5.732","81"
"5.733","95"
"5.734","33"
"5.735","65"
"5.736","109"
"5.737","29"
"5.738","73"
"5.739","46"
"5.74","87"
"5.741","66"
"5.742","68"
"5.743","45"
"5.744","47"
"5.745","48"
"5.746","40"
"5.747","105"
"5.748","140"
"5.749","37"
"5.75","590"
"5.751","12"
"5.752","39"
"5.753","66"
"5.754","42"
"5.755","37"
"5.756","53"
"5.757","38"
"5.758","54"
"5.759","43"
"5.76","35"
"5.761","87"
"5.762","21"
"5.763","43"
"5.764","38"
"5.765","36"
"5.766","35"
"5.767","73"
"5.768","37"
"5.769","45"
"5.77","61"
"5.771","53"
"5.772","37"
"5.773","54"
"5.774","71"
"5.775","37"
"5.776","33"
"5.777","38"
"5.778","52"
"5.779","69"
"5.78","132"
"5.781","51"
"5.782","45"
"5.783","50"
"5.784","55"
"5.785","39"
"5.786","43"
"5.787","59"
"5.788","46"
"5.789","47"
"5.79","39"
"5.791","72"
"5.792","53"
"5.793","78"
"5.794","45"
"5.795","42"
"5.796","52"
"5.797","36"
"5.798","47"
"5.799","68"
"5.8","35"
"5.801","47"
"5.802","44"
"5.803","65"
"5.804","62"
"5.805","43"
"5.806","45"
"5.807","46"
"5.808","62"
"5.809","51"
"5.81","31"
"5.811","49"
"5.812","47"
"5.813","34"
"5.814","37"
"5.815","37"
"5.816","43"
"5.817","55"
"5.818","47"
"5.819","64"
"5.82","76"
"5.821","14"
"5.822","32"
"5.823","43"
"5.824","53"
"5.825","102"
"5.826","33"
"5.827","42"
"5.828","20"
"5.829","36"
"5.83","32"
"5.831","80"
"5.832","43"
"5.833","22"
"5.834","49"
"5.835","24"
"5.836","361"
"5.837","35"
"5.838","33"
"5.839","29"
"5.84","26"
"5.841","49"
"5.842","39"
"5.843","110"
"5.844","29"
"5.845","22"
"5.846","20"
"5.847","17"
"5.848","26"
"5.849","50"
"5.85","53"
"5.851","49"
"5.852","65"
"5.853","68"
"5.854","64"
"5.855","110"
"5.856","72"
"5.857","53"
"5.858","140"
"5.859","81"
"5.86","82"
"5.861","107"
"5.862","64"
"5.863","91"
"5.864","119"
"5.865","63"
"5.866","152"
"5.867","76"
"5.868","112"
"5.869","48"
"5.87","164"
"5.871","68"
"5.872","135"
"5.873","106"
"5.874","274"
"5.875","367"
"5.876","144"
"5.877","40"
"5.878","113"
"5.879","60"
"5.88","93"
"5.881","125"
"5.882","41"
"5.883","18"
"5.884","163"
"5.885","62"
"5.886","43"
"5.887","200"
"5.888","13"
"5.889","64"
"5.89","142"
"5.891","20"
"5.892","50"
"5.893","81"
"5.894","21"
"5.895","93"
"5.896","39"
"5.897","88"
"5.898","36"
"5.899","23"
"5.9","134"
"5.901","40"
"5.902","94"
"5.903","25"
"5.904","49"
"5.905","89"
"5.906","30"
"5.907","43"
"5.908","35"
"5.909","104"
"5.91","25"
"5.911","51"
"5.912","124"
"5.913","35"
"5.914","29"
"5.915","70"
"5.916","155"
"5.917","37"
"5.918","34"
"5.919","34"
"5.92","89"
"5.921","134"
"5.922","24"
"5.923","45"
"5.924","35"
"5.925","38"
"5.926","77"
"5.927","92"
"5.928","53"
"5.929","21"
"5.93","35"
"5.931","19"
"5.932","159"
"5.933","41"
"5.934","15"
"5.935","45"
"5.936","17"
"5.937","41"
"5.938","61"
"5.939","90"
"5.94","46"
"5.941","17"
"5.942","36"
"5.943","26"
"5.944","19"
"5.945","130"
"5.946","20"
"5.947","46"
"5.948","19"
"5.949","37"
"5.95","58"
"5.951","30"
"5.952","37"
"5.953","34"
"5.954","57"
"5.955","28"
"5.956","21"
"5.957","40"
"5.958","18"
"5.959","26"
"5.96","17"
"5.961","33"
"5.962","21"
"5.963","20"
"5.964","251"
"5.965","32"
"5.966","23"
"5.967","30"
"5.968","47"
"5.969","25"
"5.97","10"
"5.971","19"
"5.972","19"
"5.973","33"
"5.974","15"
"5.975","20"
"5.976","13"
"5.977","22"
"5.978","19"
"5.979","34"
"5.98","8"
"5.981","48"
"5.982","24"
"5.983","29"
"5.984","46"
"5.985","25"
"5.986","27"
"5.987","26"
"5.988","26"
"5.989","57"
"5.99","25"
"5.991","51"
"5.992","30"
"5.993","20"
"5.994","18"
"5.995","30"
"5.996","24"
"5.997","34"
"5.998","34"
"5.999","65"
"6","252"
"6.001","22"
"6.002","46"
"6.003","15"
"6.004","24"
"6.005","26"
"6.006","23"
"6.007","25"
"6.008","17"
"6.009","49"
"6.01","23"
"6.011","13"
"6.012","45"
"6.013","29"
"6.014","21"
"6.015","55"
"6.016","21"
"6.017","26"
"6.018","18"
"6.019","26"
"6.02","21"
"6.021","37"
"6.022","10"
"6.023","26"
"6.024","26"
"6.025","35"
"6.026","10"
"6.027","17"
"6.028","22"
"6.029","40"
"6.03","13"
"6.031","27"
"6.032","148"
"6.033","23"
"6.034","32"
"6.035","23"
"6.036","14"
"6.037","28"
"6.038","19"
"6.039","8"
"6.04","38"
"6.041","31"
"6.042","19"
"6.043","15"
"6.044","30"
"6.045","42"
"6.046","23"
"6.047","23"
"6.048","11"
"6.049","15"
"6.05","28"
"6.051","20"
"6.052","27"
"6.053","26"
"6.054","11"
"6.055","47"
"6.056","17"
"6.057","20"
"6.058","21"
"6.059","16"
"6.06","34"
"6.061","17"
"6.062","22"
"6.063","12"
"6.064","11"
"6.065","38"
"6.066","19"
"6.067","27"
"6.068","14"
"6.069","16"
"6.07","27"
"6.071","27"
"6.072","8"
"6.073","21"
"6.074","32"
"6.075","14"
"6.076","45"
"6.077","18"
"6.078","10"
"6.079","11"
"6.08","13"
"6.081","18"
"6.082","15"
"6.083","20"
"6.084","4"
"6.085","11"
"6.086","6"
"6.087","16"
"6.088","24"
"6.089","16"
"6.09","14"
"6.091","16"
"6.092","174"
"6.093","58"
"6.094","36"
"6.095","17"
"6.096","27"
"6.097","20"
"6.098","14"
"6.099","36"
"6.1","26"
"6.101","9"
"6.102","6"
"6.103","44"
"6.104","67"
"6.105","14"
"6.106","26"
"6.107","20"
"6.108","112"
"6.109","22"
"6.11","114"
"6.111","19"
"6.112","8"
"6.113","18"
"6.114","33"
"6.115","9"
"6.116","65"
"6.117","13"
"6.118","64"
"6.119","34"
"6.12","26"
"6.121","78"
"6.122","12"
"6.123","53"
"6.124","46"
"6.125","203"
"6.126","75"
"6.127","27"
"6.128","9"
"6.129","48"
"6.13","35"
"6.131","32"
"6.132","8"
"6.133","64"
"6.134","8"
"6.135","25"
"6.136","56"
"6.137","34"
"6.138","8"
"6.139","20"
"6.14","32"
"6.141","10"
"6.142","16"
"6.143","70"
"6.144","12"
"6.145","22"
"6.146","21"
"6.147","47"
"6.148","8"
"6.149","16"
"6.15","10"
"6.151","21"
"6.152","11"
"6.153","10"
"6.154","21"
"6.155","11"
"6.156","45"
"6.157","10"
"6.158","19"
"6.159","20"
"6.16","19"
"6.161","48"
"6.162","25"
"6.163","6"
"6.164","13"
"6.165","43"
"6.166","46"
"6.167","9"
"6.168","13"
"6.169","18"
"6.17","25"
"6.171","15"
"6.172","28"
"6.173","21"
"6.174","16"
"6.175","20"
"6.176","9"
"6.177","47"
"6.178","23"
"6.179","15"
"6.18","8"
"6.181","20"
"6.182","26"
"6.183","24"
"6.184","14"
"6.185","24"
"6.186","10"
"6.187","18"
"6.188","10"
"6.189","37"
"6.19","52"
"6.191","25"
"6.192","14"
"6.193","10"
"6.194","6"
"6.195","14"
"6.196","12"
"6.197","5"
"6.198","14"
"6.199","13"
"6.2","30"
"6.201","3"
"6.202","37"
"6.203","21"
"6.204","6"
"6.205","7"
"6.206","15"
"6.207","12"
"6.208","16"
"6.209","9"
"6.21","9"
"6.211","21"
"6.212","9"
"6.213","10"
"6.214","6"
"6.215","8"
"6.216","8"
"6.217","9"
"6.218","10"
"6.219","19"
"6.22","196"
"6.221","7"
"6.222","12"
"6.223","9"
"6.224","13"
"6.225","8"
"6.226","6"
"6.227","4"
"6.228","8"
"6.229","7"
"6.23","10"
"6.231","9"
"6.232","6"
"6.233","6"
"6.234","11"
"6.235","14"
"6.236","13"
"6.237","9"
"6.238","22"
"6.239","6"
"6.24","9"
"6.241","11"
"6.242","5"
"6.243","12"
"6.244","7"
"6.245","11"
"6.246","4"
"6.247","17"
"6.248","14"
"6.249","10"
"6.25","11"
"6.251","14"
"6.252","4"
"6.253","10"
"6.254","8"
"6.255","13"
"6.256","15"
"6.257","11"
"6.258","11"
"6.259","15"
"6.26","12"
"6.261","7"
"6.262","16"
"6.263","7"
"6.264","12"
"6.265","16"
"6.266","9"
"6.267","5"
"6.268","15"
"6.269","12"
"6.27","10"
"6.271","8"
"6.272","15"
"6.273","14"
"6.274","12"
"6.275","12"
"6.276","8"
"6.277","6"
"6.278","11"
"6.279","10"
"6.28","7"
"6.281","9"
"6.282","15"
"6.283","7"
"6.284","18"
"6.285","4"
"6.286","9"
"6.287","9"
"6.288","11"
"6.289","9"
"6.29","16"
"6.291","13"
"6.292","15"
"6.293","28"
"6.294","10"
"6.295","12"
"6.296","8"
"6.297","6"
"6.298","10"
"6.299","11"
"6.3","6"
"6.301","4"
"6.302","4"
"6.303","18"
"6.304","6"
"6.305","1"
"6.306","82"
"6.307","8"
"6.308","10"
"6.309","13"
"6.31","9"
"6.311","7"
"6.312","9"
"6.313","2"
"6.314","4"
"6.315","8"
"6.316","6"
"6.317","6"
"6.318","66"
"6.319","10"
"6.32","7"
"6.321","2"
"6.322","9"
"6.323","6"
"6.324","6"
"6.325","9"
"6.326","20"
"6.327","2"
"6.328","19"
"6.329","2"
"6.33","9"
"6.331","11"
"6.332","12"
"6.333","13"
"6.334","6"
"6.335","4"
"6.336","2"
"6.337","5"
"6.338","6"
"6.339","12"
"6.34","6"
"6.341","5"
"6.342","2"
"6.343","4"
"6.344","4"
"6.345","9"
"6.346","3"
"6.347","3"
"6.348","48"
"6.349","2"
"6.35","11"
"6.351","4"
"6.352","5"
"6.353","6"
"6.354","0"
"6.355","5"
"6.356","10"
"6.357","12"
"6.358","6"
"6.359","5"
"6.36","1"
"6.361","22"
"6.362","5"
"6.363","20"
"6.364","7"
"6.365","8"
"6.366","6"
"6.367","7"
"6.368","5"
"6.369","8"
"6.37","2"
"6.371","6"
"6.372","4"
"6.373","7"
"6.374","14"
"6.375","2"
"6.376","14"
"6.377","8"
"6.378","2"
"6.379","10"
"6.38","10"
"6.381","6"
"6.382","11"
"6.383","3"
"6.384","2"
"6.385","10"
"6.386","0"
"6.387","7"
"6.388","7"
"6.389","12"
"6.39","9"
"6.391","6"
"6.392","10"
"6.393","5"
"6.394","9"
"6.395","10"
"6.396","14"
"6.397","10"
"6.398","7"
"6.399","11"
"6.4","21"
"6.401","11"
"6.402","16"
"6.403","9"
"6.404","2"
"6.405","6"
"6.406","15"
"6.407","7"
"6.408","10"
"6.409","4"
"6.41","32"
"6.411","7"
"6.412","7"
"6.413","9"
"6.414","4"
"6.415","7"
"6.416","10"
"6.417","9"
"6.418","10"
"6.419","4"
"6.42","9"
"6.421","10"
"6.422","8"
"6.423","9"
"6.424","12"
"6.425","10"
"6.426","8"
"6.427","1"
"6.428","8"
"6.429","2"
"6.43","5"
"6.431","7"
"6.432","8"
"6.433","6"
"6.434","21"
"6.435","4"
"6.436","7"
"6.437","8"
"6.438","4"
"6.439","10"
"6.44","5"
"6.441","4"
"6.442","3"
"6.443","5"
"6.444","7"
"6.445","8"
"6.446","11"
"6.447","7"
"6.448","6"
"6.449","2"
"6.45","3"
"6.451","3"
"6.452","11"
"6.453","0"
"6.454","3"
"6.455","22"
"6.456","2"
"6.457","5"
"6.458","5"
"6.459","4"
"6.46","5"
"6.461","7"
"6.462","2"
"6.463","3"
"6.464","5"
"6.465","2"
"6.466","3"
"6.467","4"
"6.468","6"
"6.469","1"
"6.47","1"
"6.471","7"
"6.472","3"
"6.473","6"
"6.474","7"
"6.475","1"
"6.476","38"
"6.477","3"
"6.478","4"
"6.479","7"
"6.48","1"
"6.481","7"
"6.482","5"
"6.483","5"
"6.484","3"
"6.485","2"
"6.486","2"
"6.487","3"
"6.488","4"
"6.489","9"
"6.49","3"
"6.491","1"
"6.492","1"
"6.493","6"
"6.494","2"
"6.495","7"
"6.496","1"
"6.497","5"
"6.498","2"
"6.499","4"
"6.5","2"
"6.501","3"
"6.502","7"
"6.503","2"
"6.504","10"
"6.505","5"
"6.506","4"
"6.507","3"
"6.508","2"
"6.509","2"
"6.51","4"
"6.511","7"
"6.512","2"
"6.513","5"
"6.514","5"
"6.515","3"
"6.516","0"
"6.517","12"
"6.518","6"
"6.519","3"
"6.52","3"
"6.521","1"
"6.522","4"
"6.523","4"
"6.524","4"
"6.525","3"
"6.526","4"
"6.527","7"
"6.528","5"
"6.529","5"
"6.53","6"
"6.531","4"
"6.532","5"
"6.533","4"
"6.534","10"
"6.535","4"
"6.536","8"
"6.537","2"
"6.538","3"
"6.539","3"
"6.54","4"
"6.541","16"
"6.542","2"
"6.543","7"
"6.544","4"
"6.545","12"
"6.546","7"
"6.547","5"
"6.548","1"
"6.549","2"
"6.55","2"
"6.551","8"
"6.552","3"
"6.553","8"
"6.554","2"
"6.555","3"
"6.556","6"
"6.557","2"
"6.558","4"
"6.559","6"
"6.56","1"
"6.561","1"
"6.562","3"
"6.563","7"
"6.564","4"
"6.565","1"
"6.566","7"
"6.567","2"
"6.568","3"
"6.569","7"
"6.57","4"
"6.571","1"
"6.572","2"
"6.573","8"
"6.574","4"
"6.575","9"
"6.576","4"
"6.577","3"
"6.578","3"
"6.579","9"
"6.58","3"
"6.581","10"
"6.582","4"
"6.583","1"
"6.584","1"
"6.585","2"
"6.586","3"
"6.587","2"
"6.588","6"
"6.589","2"
"6.59","4"
"6.591","3"
"6.592","1"
"6.593","7"
"6.594","2"
"6.595","4"
"6.596","8"
"6.597","2"
"6.598","0"
"6.599","2"
"6.6","1"
"6.601","4"
"6.602","5"
"6.603","62"
"6.604","2"
"6.605","3"
"6.606","3"
"6.607","4"
"6.608","3"
"6.609","1"
"6.61","3"
"6.611","1"
"6.612","3"
"6.613","3"
"6.614","1"
"6.615","1"
"6.616","1"
"6.617","0"
"6.618","3"
"6.619","3"
"6.62","3"
"6.621","2"
"6.622","1"
"6.623","3"
"6.624","4"
"6.625","3"
"6.626","2"
"6.627","5"
"6.628","1"
"6.629","4"
"6.63","3"
"6.631","3"
"6.632","2"
"6.633","2"
"6.634","3"
"6.635","0"
"6.636","7"
"6.637","1"
"6.638","4"
"6.639","4"
"6.64","3"
"6.641","3"
"6.642","2"
"6.643","5"
"6.644","1"
"6.645","1"
"6.646","3"
"6.647","3"
"6.648","0"
"6.649","3"
"6.65","1"
"6.651","1"
"6.652","1"
"6.653","1"
"6.654","0"
"6.655","5"
"6.656","4"
"6.657","3"
"6.658","1"
"6.659","4"
"6.66","6"
"6.661","1"
"6.662","0"
"6.663","3"
"6.664","4"
"6.665","4"
"6.666","5"
"6.667","1"
"6.668","2"
"6.669","4"
"6.67","3"
"6.671","3"
"6.672","16"
"6.673","4"
"6.674","1"
"6.675","4"
"6.676","6"
"6.677","4"
"6.678","3"
"6.679","3"
"6.68","1"
"6.681","2"
"6.682","4"
"6.683","7"
"6.684","1"
"6.685","5"
"6.686","6"
"6.687","5"
"6.688","2"
"6.689","13"
"6.69","3"
"6.691","3"
"6.692","5"
"6.693","6"
"6.694","5"
"6.695","6"
"6.696","5"
"6.697","2"
"6.698","2"
"6.699","3"
"6.7","5"
"6.701","3"
"6.702","5"
"6.703","3"
"6.704","1"
"6.705","3"
"6.706","6"
"6.707","8"
"6.708","3"
"6.709","2"
"6.71","3"
"6.711","1"
"6.712","11"
"6.713","3"
"6.714","3"
"6.715","2"
"6.716","1"
"6.717","3"
"6.718","9"
"6.719","3"
"6.72","1"
"6.721","1"
"6.722","2"
"6.723","0"
"6.724","2"
"6.725","2"
"6.726","1"
"6.727","1"
"6.728","1"
"6.729","1"
"6.73","2"
"6.731","67"
"6.732","6"
"6.733","1"
"6.734","1"
"6.735","1"
"6.736","1"
"6.737","0"
"6.738","0"
"6.739","6"
"6.74","3"
"6.741","5"
"6.742","0"
"6.743","1"
"6.744","2"
"6.745","1"
"6.746","5"
"6.747","0"
"6.748","1"
"6.749","3"
"6.75","0"
"6.751","2"
"6.752","0"
"6.753","0"
"6.754","0"
"6.755","2"
"6.756","1"
"6.757","0"
"6.758","1"
"6.759","1"
"6.76","2"
"6.761","0"
"6.762","2"
"6.763","1"
"6.764","3"
"6.765","1"
"6.766","2"
"6.767","0"
"6.768","0"
"6.769","2"
"6.77","4"
"6.771","0"
"6.772","0"
"6.773","2"
"6.774","1"
"6.775","1"
"6.776","3"
"6.777","4"
"6.778","1"
"6.779","2"
"6.78","0"
"6.781","1"
"6.782","1"
"6.783","3"
"6.784","0"
"6.785","1"
"6.786","8"
"6.787","0"
"6.788","1"
"6.789","0"
"6.79","1"
"6.791","0"
"6.792","1"
"6.793","3"
"6.794","0"
"6.795","1"
"6.796","0"
"6.797","5"
"6.798","5"
"6.799","2"
"6.8","0"
"6.801","0"
"6.802","2"
"6.803","3"
"6.804","3"
"6.805","0"
"6.806","1"
"6.807","0"
"6.808","2"
"6.809","2"
"6.81","0"
"6.811","0"
"6.812","1"
"6.813","1"
"6.814","0"
"6.815","2"
"6.816","4"
"6.817","3"
"6.818","2"
"6.819","1"
"6.82","7"
"6.821","1"
"6.822","5"
"6.823","1"
"6.824","4"
"6.825","1"
"6.826","0"
"6.827","0"
"6.828","0"
"6.829","4"
"6.83","1"
"6.831","2"
"6.832","5"
"6.833","13"
"6.834","4"
"6.835","3"
"6.836","1"
"6.837","1"
"6.838","24"
"6.839","2"
"6.84","0"
"6.841","4"
"6.842","3"
"6.843","2"
"6.844","3"
"6.845","0"
"6.846","1"
"6.847","3"
"6.848","1"
"6.849","11"
"6.85","1"
"6.851","3"
"6.852","1"
"6.853","6"
"6.854","2"
"6.855","4"
"6.856","2"
"6.857","1"
"6.858","1"
"6.859","96"
"6.86","2"
"6.861","0"
"6.862","3"
"6.863","0"
"6.864","18"
"6.865","1"
"6.866","4"
"6.867","2"
"6.868","2"
"6.869","4"
"6.87","0"
"6.871","0"
"6.872","0"
"6.873","0"
"6.874","1"
"6.875","1"
"6.876","3"
"6.877","4"
"6.878","6"
"6.879","5"
"6.88","2"
"6.881","10"
"6.882","0"
"6.883","3"
"6.884","2"
"6.885","5"
"6.886","0"
"6.887","1"
"6.888","2"
"6.889","13"
"6.89","7"
"6.891","3"
"6.892","0"
"6.893","3"
"6.894","1"
"6.895","1"
"6.896","1"
"6.897","0"
"6.898","1"
"6.899","0"
"6.9","4"
"6.901","1"
"6.902","1"
"6.903","5"
"6.904","4"
"6.905","0"
"6.906","2"
"6.907","3"
"6.908","0"
"6.909","0"
"6.91","1"
"6.911","1"
"6.912","3"
"6.913","1"
"6.914","0"
"6.915","0"
"6.916","0"
"6.917","1"
"6.918","0"
"6.919","0"
"6.92","2"
"6.921","0"
"6.922","1"
"6.923","2"
"6.924","2"
"6.925","1"
"6.926","1"
"6.927","0"
"6.928","0"
"6.929","0"
"6.93","0"
"6.931","0"
"6.932","1"
"6.933","1"
"6.934","2"
"6.935","2"
"6.936","4"
"6.937","1"
"6.938","1"
"6.939","0"
"6.94","1"
"6.941","0"
"6.942","0"
"6.943","0"
"6.944","0"
"6.945","0"
"6.946","1"
"6.947","0"
"6.948","3"
"6.949","4"
"6.95","0"
"6.951","0"
"6.952","0"
"6.953","0"
"6.954","0"
"6.955","3"
"6.956","0"
"6.957","3"
"6.958","2"
"6.959","4"
"6.96","4"
"6.961","0"
"6.962","6"
"6.963","0"
"6.964","0"
"6.965","5"
"6.966","2"
"6.967","2"
"6.968","0"
"6.969","0"
"6.97","3"
"6.971","4"
"6.972","1"
"6.973","1"
"6.974","1"
"6.975","0"
"6.976","2"
"6.977","0"
"6.978","0"
"6.979","5"
"6.98","2"
"6.981","1"
"6.982","0"
"6.983","4"
"6.984","0"
"6.985","1"
"6.986","0"
"6.987","1"
"6.988","1"
"6.989","0"
"6.99","0"
"6.991","1"
"6.992","4"
"6.993","6"
"6.994","0"
"6.995","0"
"6.996","1"
"6.997","4"
"6.998","1"
"6.999","5"
"7","0"
"7.001","2"
"7.002","0"
"7.003","8"
"7.004","0"
"7.005","0"
"7.006","2"
"7.007","1"
"7.008","0"
"7.009","3"
"7.01","4"
"7.011","4"
"7.012","2"
"7.013","0"
"7.014","0"
"7.015","0"
"7.016","2"
"7.017","1"
"7.018","2"
"7.019","0"
"7.02","2"
"7.021","2"
"7.022","1"
"7.023","1"
"7.024","2"
"7.025","0"
"7.026","3"
"7.027","1"
"7.028","0"
"7.029","1"
"7.03","0"
"7.031","0"
"7.032","0"
"7.033","3"
"7.034","2"
"7.035","0"
"7.036","3"
"7.037","2"
"7.038","2"
"7.039","2"
"7.04","2"
"7.041","1"
"7.042","2"
"7.043","1"
"7.044","4"
"7.045","1"
"7.046","7"
"7.047","0"
"7.048","11"
"7.049","2"
"7.05","5"
"7.051","1"
"7.052","0"
"7.053","1"
"7.054","3"
"7.055","2"
"7.056","5"
"7.057","0"
"7.058","3"
"7.059","3"
"7.06","1"
"7.061","4"
"7.062","0"
"7.063","4"
"7.064","0"
"7.065","0"
"7.066","2"
"7.067","7"
"7.068","0"
"7.069","0"
"7.07","0"
"7.071","0"
"7.072","0"
"7.073","0"
"7.074","0"
"7.075","3"
"7.076","0"
"7.077","1"
"7.078","2"
"7.079","0"
"7.08","2"
"7.081","0"
"7.082","0"
"7.083","0"
"7.084","0"
"7.085","0"
"7.086","8"
"7.087","0"
"7.088","0"
"7.089","0"
"7.09","0"
"7.091","0"
"7.092","0"
"7.093","1"
"7.094","1"
"7.095","0"
"7.096","2"
"7.097","0"
"7.098","1"
"7.099","0"
"7.1","0"
"7.101","0"
"7.102","5"
"7.103","0"
"7.104","0"
"7.105","0"
"7.106","0"
"7.107","2"
"7.108","1"
"7.109","1"
"7.11","0"
"7.111","1"
"7.112","1"
"7.113","0"
"7.114","3"
"7.115","1"
"7.116","0"
"7.117","3"
"7.118","0"
"7.119","0"
"7.12","1"
"7.121","0"
"7.122","0"
"7.123","0"
"7.124","0"
"7.125","0"
"7.126","0"
"7.127","1"
"7.128","0"
"7.129","0"
"7.13","1"
"7.131","1"
"7.132","0"
"7.133","2"
"7.134","0"
"7.135","0"
"7.136","2"
"7.137","0"
"7.138","0"
"7.139","0"
"7.14","2"
"7.141","1"
"7.142","0"
"7.143","0"
"7.144","0"
"7.145","0"
"7.146","0"
"7.147","0"
"7.148","0"
"7.149","0"
"7.15","0"
"7.151","2"
"7.152","2"
"7.153","0"
"7.154","0"
"7.155","0"
"7.156","1"
"7.157","0"
"7.158","0"
"7.159","0"
"7.16","3"
"7.161","0"
"7.162","2"
"7.163","0"
"7.164","0"
"7.165","1"
"7.166","0"
"7.167","0"
"7.168","3"
"7.169","0"
"7.17","0"
"7.171","0"
"7.172","2"
"7.173","0"
"7.174","0"
"7.175","1"
"7.176","0"
"7.177","0"
"7.178","0"
"7.179","0"
"7.18","0"
"7.181","1"
"7.182","2"
"7.183","0"
"7.184","0"
"7.185","0"
"7.186","0"
"7.187","0"
"7.188","0"
"7.189","0"
"7.19","0"
"7.191","2"
"7.192","1"
"7.193","0"
"7.194","1"
"7.195","0"
"7.196","0"
"7.197","0"
"7.198","0"
"7.199","0"
"7.2","0"
"7.201","0"
"7.202","1"
"7.203","0"
"7.204","1"
"7.205","0"
"7.206","0"
"7.207","0"
"7.208","1"
"7.209","0"
"7.21","0"
"7.211","0"
"7.212","0"
"7.213","0"
"7.214","0"
"7.215","1"
"7.216","0"
"7.217","0"
"7.218","0"
"7.219","1"
"7.22","0"
"7.221","0"
"7.222","0"
"7.223","1"
"7.224","0"
"7.225","0"
"7.226","0"
"7.227","0"
"7.228","1"
"7.229","0"
"7.23","0"
"7.231","0"
"7.232","0"
"7.233","0"
"7.234","0"
"7.235","0"
"7.236","0"
"7.237","0"
"7.238","3"
"7.239","2"
"7.24","0"
"7.241","0"
"7.242","0"
"7.243","0"
"7.244","0"
"7.245","0"
"7.246","1"
"7.247","0"
"7.248","2"
"7.249","0"
"7.25","0"
"7.251","0"
"7.252","0"
"7.253","0"
"7.254","1"
"7.255","0"
"7.256","1"
"7.257","0"
"7.258","0"
"7.259","0"
"7.26","0"
"7.261","1"
"7.262","0"
"7.263","0"
"7.264","2"
"7.265","0"
"7.266","1"
"7.267","0"
"7.268","1"
"7.269","0"
"7.27","3"
"7.271","0"
"7.272","0"
"7.273","1"
"7.274","0"
"7.275","0"
"7.276","0"
"7.277","0"
"7.278","0"
"7.279","0"
"7.28","0"
"7.281","0"
"7.282","0"
"7.283","1"
"7.284","1"
"7.285","0"
"7.286","0"
"7.287","0"
"7.288","1"
"7.289","0"
"7.29","0"
"7.291","0"
"7.292","0"
"7.293","1"
"7.294","0"
"7.295","0"
"7.296","2"
"7.297","0"
"7.298","0"
"7.299","0"
"7.3","0"
"7.301","1"
"7.302","2"
"7.303","1"
"7.304","0"
"7.305","2"
"7.306","0"
"7.307","0"
"7.308","0"
"7.309","0"
"7.31","0"
"7.311","0"
"7.312","1"
"7.313","0"
"7.314","2"
"7.315","0"
"7.316","0"
"7.317","3"
"7.318","1"
"7.319","2"
"7.32","2"
"7.321","0"
"7.322","0"
"7.323","0"
"7.324","0"
"7.325","1"
"7.326","0"
"7.327","0"
"7.328","0"
"7.329","0"
"7.33","0"
"7.331","1"
"7.332","0"
"7.333","2"
"7.334","2"
"7.335","1"
"7.336","0"
"7.337","0"
"7.338","0"
"7.339","0"
"7.34","0"
"7.341","4"
"7.342","0"
"7.343","1"
"7.344","1"
"7.345","0"
"7.346","0"
"7.347","0"
"7.348","3"
"7.349","1"
"7.35","1"
"7.351","0"
"7.352","0"
"7.353","0"
"7.354","3"
"7.355","3"
"7.356","0"
"7.357","0"
"7.358","1"
"7.359","0"
"7.36","2"
"7.361","0"
"7.362","11"
"7.363","2"
"7.364","1"
"7.365","2"
"7.366","0"
"7.367","0"
"7.368","1"
"7.369","0"
"7.37","0"
"7.371","1"
"7.372","0"
"7.373","1"
"7.374","0"
"7.375","1"
"7.376","0"
"7.377","2"
"7.378","2"
"7.379","0"
"7.38","6"
"7.381","3"
"7.382","1"
"7.383","1"
"7.384","0"
"7.385","0"
"7.386","1"
"7.387","0"
"7.388","0"
"7.389","1"
"7.39","0"
"7.391","0"
"7.392","0"
"7.393","0"
"7.394","0"
"7.395","1"
"7.396","1"
"7.397","0"
"7.398","0"
"7.399","0"
"7.4","0"
"7.401","0"
"7.402","2"
"7.403","0"
"7.404","2"
"7.405","1"
"7.406","0"
"7.407","0"
"7.408","1"
"7.409","1"
"7.41","0"
"7.411","0"
"7.412","0"
"7.413","0"
"7.414","0"
"7.415","0"
"7.416","0"
"7.417","0"
"7.418","0"
"7.419","0"
"7.42","0"
"7.421","1"
"7.422","0"
"7.423","1"
"7.424","0"
"7.425","3"
"7.426","0"
"7.427","0"
"7.428","0"
"7.429","0"
"7.43","0"
"7.431","0"
"7.432","1"
"7.433","0"
"7.434","0"
"7.435","0"
"7.436","0"
"7.437","0"
"7.438","0"
"7.439","0"
"7.44","0"
"7.441","0"
"7.442","0"
"7.443","0"
"7.444","0"
"7.445","1"
"7.446","1"
"7.447","0"
"7.448","0"
"7.449","0"
"7.45","0"
"7.451","2"
"7.452","1"
"7.453","0"
"7.454","0"
"7.455","1"
"7.456","0"
"7.457","0"
"7.458","5"
"7.459","0"
"7.46","2"
"7.461","1"
"7.462","1"
"7.463","0"
"7.464","0"
"7.465","1"
"7.466","0"
"7.467","1"
"7.468","0"
"7.469","0"
"7.47","1"
"7.471","2"
"7.472","0"
"7.473","4"
"7.474","0"
"7.475","1"
"7.476","2"
"7.477","0"
"7.478","2"
"7.479","0"
"7.48","11"
"7.481","3"
"7.482","0"
"7.483","5"
"7.484","0"
"7.485","0"
"7.486","0"
"7.487","0"
"7.488","0"
"7.489","1"
"7.49","0"
"7.491","0"
"7.492","0"
"7.493","2"
"7.494","3"
"7.495","1"
"7.496","2"
"7.497","0"
"7.498","2"
"7.499","1"
"7.5","3"
"7.501","0"
"7.502","0"
"7.503","0"
"7.504","0"
"7.505","0"
"7.506","0"
"7.507","0"
"7.508","0"
"7.509","1"
"7.51","0"
"7.511","0"
"7.512","0"
"7.513","0"
"7.514","2"
"7.515","0"
"7.516","0"
"7.517","2"
"7.518","0"
"7.519","0"
"7.52","0"
"7.521","0"
"7.522","1"
"7.523","0"
"7.524","0"
"7.525","0"
"7.526","0"
"7.527","0"
"7.528","0"
"7.529","0"
"7.53","0"
"7.531","2"
"7.532","0"
"7.533","0"
"7.534","0"
"7.535","0"
"7.536","0"
"7.537","0"
"7.538","0"
"7.539","0"
"7.54","0"
"7.541","0"
"7.542","0"
"7.543","0"
"7.544","0"
"7.545","0"
"7.546","0"
"7.547","0"
"7.548","0"
"7.549","1"
"7.55","0"
"7.551","0"
"7.552","0"
"7.553","0"
"7.554","0"
"7.555","0"
"7.556","0"
"7.557","0"
"7.558","0"
"7.559","0"
"7.56","0"
"7.561","0"
"7.562","0"
"7.563","0"
"7.564","0"
"7.565","0"
"7.566","0"
"7.567","0"
"7.568","0"
"7.569","0"
"7.57","0"
"7.571","0"
"7.572","0"
"7.573","0"
"7.574","0"
"7.575","0"
"7.576","0"
"7.577","0"
"7.578","0"
"7.579","1"
"7.58","0"
"7.581","0"
"7.582","0"
"7.583","0"
"7.584","0"
"7.585","0"
"7.586","0"
"7.587","0"
"7.588","0"
"7.589","0"
"7.59","0"
"7.591","0"
"7.592","0"
"7.593","0"
"7.594","1"
"7.595","0"
"7.596","0"
"7.597","0"
"7.598","0"
"7.599","0"
"7.6","0"
"7.601","2"
"7.602","0"
"7.603","0"
"7.604","0"
"7.605","0"
"7.606","1"
"7.607","0"
"7.608","0"
"7.609","1"
"7.61","0"
"7.611","0"
"7.612","0"
"7.613","0"
"7.614","0"
"7.615","0"
"7.616","1"
"7.617","0"
"7.618","2"
"7.619","1"
"7.62","0"
"7.621","0"
"7.622","0"
"7.623","0"
"7.624","0"
"7.625","0"
"7.626","1"
"7.627","1"
"7.628","0"
"7.629","0"
"7.63","0"
"7.631","0"
"7.632","0"
"7.633","0"
"7.634","0"
"7.635","0"
"7.636","0"
"7.637","1"
"7.638","0"
"7.639","0"
"7.64","0"
"7.641","0"
"7.642","0"
"7.643","0"
"7.644","0"
"7.645","0"
"7.646","2"
"7.647","1"
"7.648","0"
"7.649","0"
"7.65","0"
"7.651","0"
"7.652","0"
"7.653","0"
"7.654","0"
"7.655","0"
"7.656","0"
"7.657","1"
"7.658","0"
"7.659","0"
"7.66","0"
"7.661","0"
"7.662","0"
"7.663","0"
"7.664","0"
"7.665","0"
"7.666","0"
"7.667","0"
"7.668","0"
"7.669","0"
"7.67","1"
"7.671","0"
"7.672","0"
"7.673","0"
"7.674","0"
"7.675","0"
"7.676","0"
"7.677","0"
"7.678","0"
"7.679","0"
"7.68","0"
"7.681","0"
"7.682","0"
"7.683","0"
"7.684","0"
"7.685","0"
"7.686","0"
"7.687","0"
"7.688","0"
"7.689","0"
"7.69","0"
"7.691","0"
"7.692","0"
"7.693","0"
"7.694","0"
"7.695","0"
"7.696","0"
"7.697","0"
"7.698","0"
"7.699","0"
"7.7","0"
"7.701","0"
"7.702","0"
"7.703","0"
"7.704","0"
"7.705","0"
"7.706","0"
"7.707","0"
"7.708","0"
"7.709","0"
"7.71","0"
"7.711","0"
"7.712","0"
"7.713","0"
"7.714","0"
"7.715","1"
"7.716","0"
"7.717","0"
"7.718","0"
"7.719","0"
"7.72","0"
"7.721","0"
"7.722","0"
"7.723","0"
"7.724","0"
"7.725","0"
"7.726","0"
"7.727","0"
"7.728","0"
"7.729","0"
"7.73","0"
"7.731","0"
"7.732","0"
"7.733","0"
"7.734","0"
"7.735","0"
"7.736","0"
"7.737","0"
"7.738","0"
"7.739","0"
"7.74","0"
"7.741","0"
"7.742","0"
"7.743","0"
"7.744","0"
"7.745","0"
"7.746","0"
"7.747","0"
"7.748","0"
"7.749","0"
"7.75","0"
"7.751","0"
"7.752","0"
"7.753","0"
"7.754","0"
"7.755","2"
"7.756","0"
"7.757","0"
"7.758","0"
"7.759","0"
"7.76","1"
"7.761","0"
"7.762","0"
"7.763","0"
"7.764","0"
"7.765","0"
"7.766","0"
"7.767","0"
"7.768","2"
"7.769","0"
"7.77","0"
"7.771","0"
"7.772","0"
"7.773","0"
"7.774","0"
"7.775","0"
"7.776","0"
"7.777","0"
"7.778","0"
"7.779","0"
"7.78","0"
"7.781","0"
"7.782","0"
"7.783","0"
"7.784","0"
"7.785","0"
"7.786","0"
"7.787","0"
"7.788","0"
"7.789","0"
"7.79","0"
"7.791","0"
"7.792","0"
"7.793","0"
"7.794","0"
"7.795","0"
"7.796","0"
"7.797","1"
"7.798","0"
"7.799","0"
"7.8","0"
"7.801","0"
"7.802","0"
"7.803","0"
"7.804","0"
"7.805","0"
"7.806","0"
"7.807","0"
"7.808","0"
"7.809","0"
"7.81","0"
"7.811","0"
"7.812","0"
"7.813","0"
"7.814","0"
"7.815","0"
"7.816","0"
"7.817","0"
"7.818","0"
"7.819","0"
"7.82","0"
"7.821","0"
"7.822","0"
"7.823","0"
"7.824","0"
"7.825","0"
"7.826","0"
"7.827","0"
"7.828","0"
"7.829","0"
"7.83","0"
"7.831","0"
"7.832","0"
"7.833","0"
"7.834","0"
"7.835","0"
"7.836","0"
"7.837","0"
"7.838","0"
"7.839","0"
"7.84","0"
"7.841","0"
"7.842","0"
"7.843","0"
"7.844","0"
"7.845","1"
"7.846","0"
"7.847","0"
"7.848","0"
"7.849","0"
"7.85","0"
"7.851","0"
"7.852","0"
"7.853","0"
"7.854","0"
"7.855","0"
"7.856","0"
"7.857","1"
"7.858","1"
"7.859","0"
"7.86","0"
"7.861","0"
"7.862","0"
"7.863","0"
"7.864","0"
"7.865","1"
"7.866","0"
"7.867","0"
"7.868","0"
"7.869","1"
"7.87","0"
"7.871","0"
"7.872","0"
"7.873","0"
"7.874","1"
"7.875","0"
"7.876","0"
"7.877","0"
"7.878","0"
"7.879","0"
"7.88","1"
"7.881","0"
"7.882","0"
"7.883","0"
"7.884","0"
"7.885","1"
"7.886","0"
"7.887","0"
"7.888","0"
"7.889","0"
"7.89","0"
"7.891","0"
"7.892","0"
"7.893","0"
"7.894","0"
"7.895","0"
"7.896","0"
"7.897","0"
"7.898","0"
"7.899","0"
"7.9","0"
"7.901","0"
"7.902","0"
"7.903","0"
"7.904","0"
"7.905","0"
"7.906","0"
"7.907","0"
"7.908","0"
"7.909","0"
"7.91","1"
"7.911","0"
"7.912","0"
"7.913","0"
"7.914","0"
"7.915","0"
"7.916","0"
"7.917","0"
"7.918","0"
"7.919","0"
"7.92","0"
"7.921","0"
"7.922","0"
"7.923","0"
"7.924","0"
"7.925","0"
"7.926","0"
"7.927","0"
"7.928","0"
"7.929","0"
"7.93","0"
"7.931","0"
"7.932","0"
"7.933","0"
"7.934","0"
"7.935","0"
"7.936","0"
"7.937","0"
"7.938","0"
"7.939","0"
"7.94","0"
"7.941","0"
"7.942","0"
"7.943","0"
"7.944","0"
"7.945","0"
"7.946","0"
"7.947","0"
"7.948","0"
"7.949","0"
"7.95","0"
"7.951","0"
"7.952","0"
"7.953","0"
"7.954","0"
"7.955","0"
"7.956","0"
"7.957","0"
"7.958","0"
"7.959","0"
"7.96","0"
"7.961","0"
"7.962","0"
"7.963","0"
"7.964","0"
"7.965","0"
"7.966","0"
"7.967","0"
"7.968","0"
"7.969","0"
"7.97","0"
"7.971","0"
"7.972","0"
"7.973","0"
"7.974","0"
"7.975","0"
"7.976","0"
"7.977","0"
"7.978","0"
"7.979","0"
"7.98","0"
"7.981","0"
"7.982","0"
"7.983","0"
"7.984","0"
"7.985","0"
"7.986","0"
"7.987","0"
"7.988","0"
"7.989","0"
"7.99","0"
"7.991","0"
"7.992","0"
"7.993","0"
"7.994","0"
"7.995","0"
"7.996","0"
"7.997","0"
"7.998","0"
"7.999","0"
"8","0"
"8.001","1"
"8.002","0"
"8.003","0"
"8.004","0"
"8.005","0"
"8.006","0"
"8.007","0"
"8.008","0"
"8.009","3"
"8.01","0"
"8.011","0"
"8.012","0"
"8.013","0"
"8.014","0"
"8.015","0"
"8.016","1"
"8.017","0"
"8.018","0"
"8.019","0"
"8.02","0"
"8.021","2"
"8.022","0"
"8.023","0"
"8.024","1"
"8.025","1"
"8.026","0"
"8.027","1"
"8.028","0"
"8.029","0"
"8.03","0"
"8.031","0"
"8.032","0"
"8.033","2"
"8.034","0"
"8.035","1"
"8.036","0"
"8.037","1"
"8.038","0"
"8.039","0"
"8.04","0"
"8.041","1"
"8.042","0"
"8.043","2"
"8.044","1"
"8.045","0"
"8.046","0"
"8.047","1"
"8.048","2"
"8.049","1"
"8.05","1"
"8.051","0"
"8.052","0"
"8.053","0"
"8.054","0"
"8.055","1"
"8.056","1"
"8.057","0"
"8.058","3"
"8.059","0"
"8.06","0"
"8.061","1"
"8.062","0"
"8.063","0"
"8.064","1"
"8.065","1"
"8.066","4"
"8.067","0"
"8.068","0"
"8.069","2"
"8.07","0"
"8.071","0"
"8.072","0"
"8.073","0"
"8.074","0"
"8.075","0"
"8.076","0"
"8.077","0"
"8.078","0"
"8.079","0"
"8.08","0"
"8.081","0"
"8.082","0"
"8.083","0"
"8.084","0"
"8.085","0"
"8.086","0"
"8.087","0"
"8.088","0"
"8.089","0"
"8.09","0"
"8.091","0"
"8.092","0"
"8.093","0"
"8.094","0"
"8.095","0"
"8.096","0"
"8.097","0"
"8.098","0"
"8.099","0"
"8.1","0"
"8.101","0"
"8.102","0"
"8.103","0"
"8.104","0"
"8.105","0"
"8.106","0"
"8.107","0"
"8.108","0"
"8.109","0"
"8.11","0"
"8.111","0"
"8.112","0"
"8.113","0"
"8.114","0"
"8.115","0"
"8.116","0"
"8.117","0"
"8.118","0"
"8.119","0"
"8.12","0"
"8.121","0"
"8.122","0"
"8.123","0"
"8.124","0"
"8.125","0"
"8.126","0"
"8.127","0"
"8.128","0"
"8.129","0"
"8.13","0"
"8.131","0"
"8.132","0"
"8.133","0"
"8.134","0"
"8.135","1"
"8.136","0"
"8.137","1"
"8.138","0"
"8.139","0"
"8.14","1"
"8.141","1"
"8.142","1"
"8.143","0"
"8.144","0"
"8.145","0"
"8.146","0"
"8.147","1"
"8.148","1"
"8.149","0"
"8.15","0"
"8.151","0"
"8.152","0"
"8.153","2"
"8.154","1"
"8.155","0"
"8.156","0"
"8.157","1"
"8.158","0"
"8.159","0"
"8.16","0"
"8.161","0"
"8.162","1"
"8.163","0"
"8.164","0"
"8.165","2"
"8.166","0"
"8.167","1"
"8.168","10"
"8.169","0"
"8.17","0"
"8.171","2"
"8.172","0"
"8.173","1"
"8.174","0"
"8.175","0"
"8.176","0"
"8.177","0"
"8.178","0"
"8.179","0"
"8.18","0"
"8.181","0"
"8.182","0"
"8.183","0"
"8.184","0"
"8.185","0"
"8.186","2"
"8.187","0"
"8.188","0"
"8.189","0"
"8.19","0"
"8.191","1"
"8.192","0"
"8.193","0"
"8.194","0"
"8.195","0"
"8.196","0"
"8.197","1"
"8.198","0"
"8.199","0"
"8.2","0"
"8.201","0"
"8.202","0"
"8.203","0"
"8.204","0"
"8.205","1"
"8.206","0"
"8.207","0"
"8.208","0"
"8.209","0"
"8.21","0"
"8.211","0"
"8.212","0"
"8.213","0"
"8.214","0"
"8.215","0"
"8.216","0"
"8.217","0"
"8.218","0"
"8.219","0"
"8.22","0"
"8.221","0"
"8.222","0"
"8.223","0"
"8.224","0"
"8.225","0"
"8.226","0"
"8.227","0"
"8.228","0"
"8.229","0"
"8.23","0"
"8.231","0"
"8.232","1"
"8.233","0"
"8.234","0"
"8.235","0"
"8.236","0"
"8.237","0"
"8.238","0"
"8.239","0"
"8.24","0"
"8.241","0"
"8.242","0"
"8.243","0"
"8.244","0"
"8.245","0"
"8.246","0"
"8.247","0"
"8.248","0"
"8.249","0"
"8.25","0"
"8.251","0"
"8.252","0"
"8.253","0"
"8.254","0"
"8.255","0"
"8.256","0"
"8.257","0"
"8.258","0"
"8.259","0"
"8.26","0"
"8.261","0"
"8.262","0"
"8.263","0"
"8.264","0"
"8.265","0"
"8.266","0"
"8.267","0"
"8.268","0"
"8.269","0"
"8.27","0"
"8.271","0"
"8.272","0"
"8.273","0"
"8.274","0"
"8.275","0"
"8.276","0"
"8.277","0"
"8.278","0"
"8.279","0"
"8.28","0"
"8.281","0"
"8.282","0"
"8.283","0"
"8.284","0"
"8.285","0"
"8.286","0"
"8.287","0"
"8.288","0"
"8.289","0"
"8.29","0"
"8.291","0"
"8.292","0"
"8.293","0"
"8.294","0"
"8.295","0"
"8.296","0"
"8.297","0"
"8.298","0"
"8.299","0"
"8.3","0"
"8.301","0"
"8.302","0"
"8.303","0"
"8.304","0"
"8.305","0"
"8.306","0"
"8.307","0"
"8.308","0"
"8.309","0"
"8.31","0"
"8.311","0"
"8.312","0"
"8.313","0"
"8.314","0"
"8.315","0"
"8.316","0"
"8.317","0"
"8.318","0"
"8.319","0"
"8.32","0"
"8.321","0"
"8.322","0"
"8.323","0"
"8.324","0"
"8.325","0"
"8.326","0"
"8.327","0"
"8.328","0"
"8.329","0"
"8.33","0"
"8.331","0"
"8.332","0"
"8.333","0"
"8.334","0"
"8.335","0"
"8.336","0"
"8.337","0"
"8.338","0"
"8.339","0"
"8.34","0"
"8.341","0"
"8.342","0"
"8.343","0"
"8.344","0"
"8.345","0"
"8.346","1"
"8.347","0"
"8.348","0"
"8.349","0"
"8.35","0"
"8.351","0"
"8.352","1"
"8.353","0"
"8.354","1"
"8.355","0"
"8.356","1"
"8.357","0"
"8.358","0"
"8.359","1"
"8.36","0"
"8.361","0"
"8.362","0"
"8.363","0"
"8.364","0"
"8.365","0"
"8.366","0"
"8.367","0"
"8.368","0"
"8.369","1"
"8.37","0"
"8.371","1"
"8.372","0"
"8.373","2"
"8.374","0"
"8.375","0"
"8.376","0"
"8.377","0"
"8.378","0"
"8.379","1"
"8.38","0"
"8.381","1"
"8.382","0"
"8.383","0"
"8.384","1"
"8.385","0"
"8.386","2"
"8.387","0"
"8.388","0"
"8.389","0"
"8.39","1"
"8.391","0"
"8.392","1"
"8.393","0"
"8.394","1"
"8.395","0"
"8.396","1"
"8.397","0"
"8.398","1"
"8.399","0"
"8.4","0"
"8.401","0"
"8.402","2"
"8.403","0"
"8.404","0"
"8.405","0"
"8.406","0"
"8.407","2"
"8.408","0"
"8.409","0"
"8.41","0"
"8.411","0"
"8.412","0"
"8.413","0"
"8.414","0"
"8.415","0"
"8.416","0"
"8.417","0"
"8.418","0"
"8.419","0"
"8.42","0"
"8.421","0"
"8.422","0"
"8.423","0"
"8.424","0"
"8.425","0"
"8.426","0"
"8.427","0"
"8.428","0"
"8.429","0"
"8.43","0"
"8.431","0"
"8.432","0"
"8.433","0"
"8.434","0"
"8.435","0"
"8.436","0"
"8.437","0"
"8.438","0"
"8.439","0"
"8.44","0"
"8.441","0"
"8.442","0"
"8.443","2"
"8.444","0"
"8.445","0"
"8.446","0"
"8.447","0"
"8.448","0"
"8.449","0"
"8.45","0"
"8.451","0"
"8.452","0"
"8.453","0"
"8.454","0"
"8.455","0"
"8.456","0"
"8.457","0"
"8.458","2"
"8.459","0"
"8.46","0"
"8.461","0"
"8.462","0"
"8.463","0"
"8.464","0"
"8.465","0"
"8.466","0"
"8.467","0"
"8.468","0"
"8.469","0"
"8.47","0"
"8.471","0"
"8.472","0"
"8.473","0"
"8.474","0"
"8.475","0"
"8.476","0"
"8.477","0"
"8.478","0"
"8.479","0"
"8.48","0"
"8.481","0"
"8.482","0"
"8.483","0"
"8.484","0"
"8.485","0"
"8.486","0"
"8.487","0"
"8.488","0"
"8.489","3"
"8.49","0"
"8.491","1"
"8.492","0"
"8.493","4"
"8.494","0"
"8.495","1"
"8.496","0"
"8.497","1"
"8.498","0"
"8.499","0"
"8.5","0"
"8.501","0"
"8.502","0"
"8.503","11"
"8.504","0"
"8.505","0"
"8.506","0"
"8.507","3"
"8.508","0"
"8.509","0"
"8.51","0"
"8.511","0"
"8.512","0"
"8.513","0"
"8.514","0"
"8.515","0"
"8.516","0"
"8.517","0"
"8.518","0"
"8.519","0"
"8.52","1"
"8.521","0"
"8.522","0"
"8.523","0"
"8.524","0"
"8.525","0"
"8.526","0"
"8.527","0"
"8.528","1"
"8.529","0"
"8.53","0"
"8.531","0"
"8.532","1"
"8.533","0"
"8.534","0"
"8.535","0"
"8.536","0"
"8.537","1"
"8.538","0"
"8.539","0"
"8.54","0"
"8.541","0"
"8.542","0"
"8.543","0"
"8.544","0"
"8.545","0"
"8.546","0"
"8.547","0"
"8.548","0"
"8.549","0"
"8.55","0"
"8.551","0"
"8.552","0"
"8.553","0"
"8.554","3"
"8.555","0"
"8.556","0"
"8.557","0"
"8.558","0"
"8.559","0"
"8.56","0"
"8.561","0"
"8.562","0"
"8.563","0"
"8.564","0"
"8.565","0"
"8.566","0"
"8.567","0"
"8.568","0"
"8.569","0"
"8.57","0"
"8.571","0"
"8.572","0"
"8.573","0"
"8.574","0"
"8.575","0"
"8.576","0"
"8.577","0"
"8.578","0"
"8.579","0"
"8.58","0"
"8.581","0"
"8.582","0"
"8.583","0"
"8.584","0"
"8.585","0"
"8.586","0"
"8.587","0"
"8.588","0"
"8.589","0"
"8.59","0"
"8.591","0"
"8.592","0"
"8.593","0"
"8.594","0"
"8.595","0"
"8.596","0"
"8.597","0"
"8.598","0"
"8.599","0"
"8.6","0"
"8.601","0"
"8.602","0"
"8.603","0"
"8.604","0"
"8.605","0"
"8.606","0"
"8.607","0"
"8.608","0"
"8.609","0"
"8.61","0"
"8.611","1"
"8.612","0"
"8.613","0"
"8.614","0"
"8.615","0"
"8.616","0"
"8.617","0"
"8.618","0"
"8.619","0"
"8.62","2"
"8.621","0"
"8.622","0"
"8.623","0"
"8.624","0"
"8.625","0"
"8.626","0"
"8.627","0"
"8.628","0"
"8.629","0"
"8.63","0"
"8.631","0"
"8.632","0"
"8.633","0"
"8.634","0"
"8.635","0"
"8.636","0"
"8.637","0"
"8.638","0"
"8.639","0"
"8.64","0"
"8.641","0"
"8.642","0"
"8.643","0"
"8.644","0"
"8.645","0"
"8.646","0"
"8.647","0"
"8.648","0"
"8.649","0"
"8.65","0"
"8.651","0"
"8.652","0"
"8.653","0"
"8.654","0"
"8.655","0"
"8.656","0"
"8.657","0"
"8.658","0"
"8.659","0"
"8.66","0"
"8.661","0"
"8.662","0"
"8.663","0"
"8.664","0"
"8.665","0"
"8.666","0"
"8.667","0"
"8.668","0"
"8.669","0"
"8.67","0"
"8.671","0"
"8.672","0"
"8.673","0"
"8.674","0"
"8.675","0"
"8.676","0"
"8.677","0"
"8.678","0"
"8.679","0"
"8.68","0"
"8.681","0"
"8.682","0"
"8.683","0"
"8.684","0"
"8.685","0"
"8.686","0"
"8.687","0"
"8.688","0"
"8.689","0"
"8.69","0"
"8.691","0"
"8.692","0"
"8.693","0"
"8.694","0"
"8.695","0"
"8.696","0"
"8.697","0"
"8.698","0"
"8.699","0"
"8.7","0"
"8.701","0"
"8.702","0"
"8.703","0"
"8.704","0"
"8.705","0"
"8.706","0"
"8.707","0"
"8.708","0"
"8.709","0"
"8.71","0"
"8.711","0"
"8.712","0"
"8.713","0"
"8.714","0"
"8.715","0"
"8.716","0"
"8.717","0"
"8.718","0"
"8.719","0"
"8.72","0"
"8.721","0"
"8.722","0"
"8.723","0"
"8.724","0"
"8.725","0"
"8.726","0"
"8.727","0"
"8.728","0"
"8.729","0"
"8.73","0"
"8.731","0"
"8.732","0"
"8.733","0"
"8.734","0"
"8.735","0"
"8.736","0"
"8.737","0"
"8.738","0"
"8.739","0"
"8.74","0"
"8.741","0"
"8.742","0"
"8.743","0"
"8.744","0"
"8.745","0"
"8.746","0"
"8.747","1"
"8.748","0"
"8.749","0"
"8.75","0"
"8.751","0"
"8.752","0"
"8.753","0"
"8.754","0"
"8.755","0"
"8.756","2"
"8.757","0"
"8.758","0"
"8.759","0"
"8.76","0"
"8.761","0"
"8.762","0"
"8.763","0"
"8.764","0"
"8.765","0"
"8.766","0"
"8.767","0"
"8.768","0"
"8.769","0"
"8.77","0"
"8.771","0"
"8.772","0"
"8.773","0"
"8.774","0"
"8.775","0"
"8.776","0"
"8.777","0"
"8.778","0"
"8.779","0"
"8.78","0"
"8.781","0"
"8.782","0"
"8.783","0"
"8.784","0"
"8.785","0"
"8.786","0"
"8.787","0"
"8.788","0"
"8.789","0"
"8.79","0"
"8.791","0"
"8.792","0"
"8.793","0"
"8.794","0"
"8.795","0"
"8.796","0"
"8.797","0"
"8.798","0"
"8.799","0"
"8.8","0"
"8.801","0"
"8.802","0"
"8.803","0"
"8.804","0"
"8.805","0"
"8.806","0"
"8.807","0"
"8.808","0"
"8.809","0"
"8.81","0"
"8.811","0"
"8.812","0"
"8.813","0"
"8.814","0"
"8.815","0"
"8.816","0"
"8.817","0"
"8.818","0"
"8.819","0"
"8.82","0"
"8.821","0"
"8.822","0"
"8.823","0"
"8.824","0"
"8.825","0"
"8.826","0"
"8.827","0"
"8.828","0"
"8.829","0"
"8.83","0"
"8.831","0"
"8.832","0"
"8.833","0"
"8.834","0"
"8.835","0"
"8.836","0"
"8.837","0"
"8.838","0"
"8.839","0"
"8.84","0"
"8.841","0"
"8.842","0"
"8.843","0"
"8.844","0"
"8.845","0"
"8.846","0"
"8.847","0"
"8.848","0"
"8.849","0"
"8.85","0"
"8.851","0"
"8.852","0"
"8.853","0"
"8.854","0"
"8.855","0"
"8.856","0"
"8.857","0"
"8.858","0"
"8.859","0"
"8.86","0"
"8.861","0"
"8.862","0"
"8.863","0"
"8.864","0"
"8.865","0"
"8.866","0"
"8.867","0"
"8.868","0"
"8.869","0"
"8.87","0"
"8.871","0"
"8.872","0"
"8.873","0"
"8.874","0"
"8.875","0"
"8.876","0"
"8.877","0"
"8.878","0"
"8.879","0"
"8.88","0"
"8.881","0"
"8.882","0"
"8.883","0"
"8.884","0"
"8.885","0"
"8.886","0"
"8.887","0"
"8.888","0"
"8.889","0"
"8.89","0"
"8.891","0"
"8.892","0"
"8.893","0"
"8.894","0"
"8.895","0"
"8.896","0"
"8.897","0"
"8.898","0"
"8.899","0"
"8.9","0"
"8.901","0"
"8.902","0"
"8.903","0"
"8.904","0"
"8.905","0"
"8.906","0"
"8.907","0"
"8.908","0"
"8.909","0"
"8.91","0"
"8.911","0"
"8.912","0"
"8.913","0"
"8.914","0"
"8.915","0"
"8.916","0"
"8.917","0"
"8.918","0"
"8.919","0"
"8.92","0"
"8.921","0"
"8.922","0"
"8.923","0"
"8.924","0"
"8.925","0"
"8.926","0"
"8.927","0"
"8.928","0"
"8.929","0"
"8.93","0"
"8.931","0"
"8.932","0"
"8.933","0"
"8.934","0"
"8.935","0"
"8.936","0"
"8.937","0"
"8.938","0"
"8.939","0"
"8.94","0"
"8.941","0"
"8.942","0"
"8.943","0"
"8.944","0"
"8.945","0"
"8.946","0"
"8.947","0"
"8.948","0"
"8.949","0"
"8.95","0"
"8.951","0"
"8.952","0"
"8.953","0"
"8.954","0"
"8.955","0"
"8.956","0"
"8.957","0"
"8.958","0"
"8.959","0"
"8.96","0"
"8.961","0"
"8.962","0"
"8.963","0"
"8.964","0"
"8.965","0"
"8.966","0"
"8.967","0"
"8.968","0"
"8.969","0"
"8.97","0"
"8.971","0"
"8.972","0"
"8.973","0"
"8.974","0"
"8.975","0"
"8.976","0"
"8.977","0"
"8.978","0"
"8.979","0"
"8.98","0"
"8.981","0"
"8.982","0"
"8.983","0"
"8.984","0"
"8.985","0"
"8.986","0"
"8.987","0"
"8.988","0"
"8.989","0"
"8.99","0"
"8.991","0"
"8.992","0"
"8.993","0"
"8.994","0"
"8.995","0"
"8.996","0"
"8.997","0"
"8.998","0"
"8.999","0"
"9","0"
"9.001","0"
"9.002","0"
"9.003","0"
"9.004","0"
"9.005","0"
"9.006","0"
"9.007","0"
"9.008","0"
"9.009","0"
"9.01","0"
"9.011","0"
"9.012","0"
"9.013","0"
"9.014","0"
"9.015","0"
"9.016","0"
"9.017","0"
"9.018","0"
"9.019","0"
"9.02","0"
"9.021","0"
"9.022","0"
"9.023","0"
"9.024","0"
"9.025","0"
"9.026","0"
"9.027","0"
"9.028","0"
"9.029","0"
"9.03","0"
"9.031","0"
"9.032","0"
"9.033","0"
"9.034","0"
"9.035","0"
"9.036","0"
"9.037","0"
"9.038","0"
"9.039","0"
"9.04","0"
"9.041","0"
"9.042","0"
"9.043","0"
"9.044","0"
"9.045","0"
"9.046","0"
"9.047","0"
"9.048","0"
"9.049","0"
"9.05","0"
"9.051","0"
"9.052","0"
"9.053","0"
"9.054","0"
"9.055","0"
"9.056","0"
"9.057","0"
"9.058","0"
"9.059","0"
"9.06","0"
"9.061","0"
"9.062","0"
"9.063","0"
"9.064","0"
"9.065","0"
"9.066","0"
"9.067","0"
"9.068","0"
"9.069","0"
"9.07","0"
"9.071","0"
"9.072","0"
"9.073","0"
"9.074","0"
"9.075","0"
"9.076","0"
"9.077","0"
"9.078","0"
"9.079","0"
"9.08","0"
"9.081","0"
"9.082","0"
"9.083","0"
"9.084","0"
"9.085","0"
"9.086","0"
"9.087","0"
"9.088","0"
"9.089","0"
"9.09","0"
"9.091","0"
"9.092","0"
"9.093","0"
"9.094","0"
"9.095","0"
"9.096","0"
"9.097","0"
"9.098","0"
"9.099","0"
"9.1","0"
"9.101","0"
"9.102","0"
"9.103","0"
"9.104","0"
"9.105","0"
"9.106","0"
"9.107","0"
"9.108","0"
"9.109","0"
"9.11","0"
"9.111","0"
"9.112","0"
"9.113","0"
"9.114","0"
"9.115","0"
"9.116","0"
"9.117","0"
"9.118","0"
"9.119","0"
"9.12","0"
"9.121","0"
"9.122","0"
"9.123","0"
"9.124","0"
"9.125","0"
"9.126","0"
"9.127","0"
"9.128","0"
"9.129","0"
"9.13","0"
"9.131","0"
"9.132","0"
"9.133","0"
"9.134","0"
"9.135","0"
"9.136","0"
"9.137","0"
"9.138","0"
"9.139","0"
"9.14","0"
"9.141","0"
"9.142","0"
"9.143","0"
"9.144","0"
"9.145","0"
"9.146","0"
"9.147","0"
"9.148","0"
"9.149","0"
"9.15","0"
"9.151","0"
"9.152","0"
"9.153","0"
"9.154","0"
"9.155","0"
"9.156","0"
"9.157","0"
"9.158","0"
"9.159","0"
"9.16","0"
"9.161","0"
"9.162","0"
"9.163","0"
"9.164","0"
"9.165","0"
"9.166","0"
"9.167","0"
"9.168","0"
"9.169","0"
"9.17","0"
"9.171","0"
"9.172","0"
"9.173","0"
"9.174","0"
"9.175","0"
"9.176","0"
"9.177","0"
"9.178","0"
"9.179","0"
"9.18","0"
"9.181","0"
"9.182","0"
"9.183","0"
"9.184","0"
"9.185","0"
"9.186","0"
"9.187","0"
"9.188","0"
"9.189","0"
"9.19","0"
"9.191","0"
"9.192","0"
"9.193","0"
"9.194","0"
"9.195","0"
"9.196","0"
"9.197","0"
"9.198","0"
"9.199","0"
"9.2","0"
"9.201","0"
"9.202","0"
"9.203","0"
"9.204","0"
"9.205","0"
"9.206","0"
"9.207","0"
"9.208","0"
"9.209","0"
"9.21","0"
"9.211","0"
"9.212","0"
"9.213","0"
"9.214","0"
"9.215","0"
"9.216","0"
"9.217","0"
"9.218","0"
"9.219","0"
"9.22","0"
"9.221","0"
"9.222","0"
"9.223","0"
"9.224","0"
"9.225","0"
"9.226","0"
"9.227","0"
"9.228","0"
"9.229","0"
"9.23","0"
"9.231","0"
"9.232","0"
"9.233","0"
"9.234","0"
"9.235","0"
"9.236","0"
"9.237","0"
"9.238","0"
"9.239","0"
"9.24","0"
"9.241","0"
"9.242","0"
"9.243","0"
"9.244","0"
"9.245","0"
"9.246","0"
"9.247","0"
"9.248","0"
"9.249","0"
"9.25","0"
"9.251","0"
"9.252","0"
"9.253","0"
"9.254","0"
"9.255","0"
"9.256","0"
"9.257","0"
"9.258","0"
"9.259","0"
"9.26","0"
"9.261","0"
"9.262","0"
"9.263","0"
"9.264","0"
"9.265","0"
"9.266","0"
"9.267","0"
"9.268","0"
"9.269","0"
"9.27","0"
"9.271","0"
"9.272","0"
"9.273","0"
"9.274","0"
"9.275","0"
"9.276","0"
"9.277","0"
"9.278","0"
"9.279","0"
"9.28","0"
"9.281","0"
"9.282","0"
"9.283","0"
"9.284","0"
"9.285","0"
"9.286","0"
"9.287","0"
"9.288","0"
"9.289","0"
"9.29","0"
"9.291","0"
"9.292","0"
"9.293","0"
"9.294","0"
"9.295","0"
"9.296","0"
"9.297","0"
"9.298","0"
"9.299","0"
"9.3","0"
"9.301","0"
"9.302","0"
"9.303","0"
"9.304","0"
"9.305","0"
"9.306","0"
"9.307","0"
"9.308","0"
"9.309","0"
"9.31","0"
"9.311","0"
"9.312","0"
"9.313","0"
"9.314","0"
"9.315","3"
"9.316","0"
"9.317","0"
"9.318","0"
"9.319","0"
"9.32","0"
"9.321","0"
"9.322","0"
"9.323","0"
"9.324","0"
"9.325","0"
"9.326","0"
"9.327","0"
"9.328","0"
"9.329","0"
"9.33","0"
"9.331","0"
"9.332","0"
"9.333","0"
"9.334","0"
"9.335","0"
"9.336","0"
"9.337","0"
"9.338","0"
"9.339","0"
"9.34","0"
"9.341","0"
"9.342","0"
"9.343","0"
"9.344","0"
"9.345","0"
"9.346","0"
"9.347","0"
"9.348","0"
"9.349","0"
"9.35","0"
"9.351","0"
"9.352","0"
"9.353","0"
"9.354","0"
"9.355","0"
"9.356","0"
"9.357","0"
"9.358","0"
"9.359","0"
"9.36","0"
"9.361","0"
"9.362","0"
"9.363","0"
"9.364","0"
"9.365","0"
"9.366","0"
"9.367","0"
"9.368","0"
"9.369","0"
"9.37","0"
"9.371","0"
"9.372","0"
"9.373","0"
"9.374","0"
"9.375","0"
"9.376","0"
"9.377","0"
"9.378","0"
"9.379","0"
"9.38","0"
"9.381","0"
"9.382","0"
"9.383","0"
"9.384","0"
"9.385","0"
"9.386","0"
"9.387","0"
"9.388","0"
"9.389","0"
"9.39","0"
"9.391","0"
"9.392","0"
"9.393","0"
"9.394","0"
"9.395","0"
"9.396","0"
"9.397","0"
"9.398","0"
"9.399","0"
"9.4","0"
"9.401","0"
"9.402","0"
"9.403","0"
"9.404","0"
"9.405","0"
"9.406","0"
"9.407","0"
"9.408","0"
"9.409","0"
"9.41","0"
"9.411","0"
"9.412","0"
"9.413","0"
"9.414","0"
"9.415","0"
"9.416","0"
"9.417","0"
"9.418","0"
"9.419","0"
"9.42","0"
"9.421","0"
"9.422","0"
"9.423","0"
"9.424","0"
"9.425","0"
"9.426","0"
"9.427","0"
"9.428","0"
"9.429","0"
"9.43","0"
"9.431","0"
"9.432","0"
"9.433","0"
"9.434","0"
"9.435","0"
"9.436","0"
"9.437","0"
"9.438","0"
"9.439","0"
"9.44","0"
"9.441","0"
"9.442","0"
"9.443","0"
"9.444","0"
"9.445","0"
"9.446","0"
"9.447","0"
"9.448","0"
"9.449","0"
"9.45","0"
"9.451","0"
"9.452","0"
"9.453","0"
"9.454","0"
"9.455","0"
"9.456","0"
"9.457","0"
"9.458","0"
"9.459","0"
"9.46","0"
"9.461","0"
"9.462","0"
"9.463","0"
"9.464","0"
"9.465","0"
"9.466","0"
"9.467","1"
"9.468","0"
"9.469","0"
"9.47","0"
"9.471","0"
"9.472","0"
"9.473","0"
"9.474","0"
"9.475","0"
"9.476","0"
"9.477","0"
"9.478","0"
"9.479","0"
"9.48","0"
"9.481","0"
"9.482","1"
"9.483","0"
"9.484","1"
"9.485","1"
"9.486","1"
"9.487","1"
"9.488","0"
"9.489","0"
"9.49","1"
"9.491","0"
"9.492","3"
"9.493","0"
"9.494","2"
"9.495","0"
"9.496","0"
"9.497","0"
"9.498","0"
"9.499","0"
"9.5","0"
"9.501","0"
"9.502","0"
"9.503","0"
"9.504","0"
"9.505","0"
"9.506","0"
"9.507","0"
"9.508","0"
"9.509","0"
"9.51","0"
"9.511","0"
"9.512","0"
"9.513","0"
"9.514","0"
"9.515","0"
"9.516","0"
"9.517","0"
"9.518","0"
"9.519","0"
"9.52","0"
"9.521","0"
"9.522","0"
"9.523","0"
"9.524","0"
"9.525","0"
"9.526","0"
"9.527","0"
"9.528","0"
"9.529","0"
"9.53","0"
"9.531","0"
"9.532","0"
"9.533","0"
"9.534","0"
"9.535","0"
"9.536","0"
"9.537","0"
"9.538","0"
"9.539","0"
"9.54","0"
"9.541","0"
"9.542","0"
"9.543","0"
"9.544","0"
"9.545","0"
"9.546","0"
"9.547","0"
"9.548","0"
"9.549","0"
"9.55","0"
"9.551","0"
"9.552","0"
"9.553","0"
"9.554","0"
"9.555","0"
"9.556","0"
"9.557","0"
"9.558","0"
"9.559","0"
"9.56","0"
"9.561","0"
"9.562","0"
"9.563","0"
"9.564","0"
"9.565","0"
"9.566","0"
"9.567","0"
"9.568","0"
"9.569","0"
"9.57","0"
"9.571","0"
"9.572","0"
"9.573","0"
"9.574","0"
"9.575","0"
"9.576","0"
"9.577","0"
"9.578","0"
"9.579","0"
"9.58","0"
"9.581","0"
"9.582","0"
"9.583","0"
"9.584","0"
"9.585","0"
"9.586","0"
"9.587","0"
"9.588","0"
"9.589","1"
"9.59","0"
"9.591","0"
"9.592","0"
"9.593","0"
"9.594","0"
"9.595","0"
"9.596","0"
"9.597","0"
"9.598","0"
"9.599","0"
"9.6","0"
"9.601","4"
"9.602","0"
"9.603","0"
"9.604","0"
"9.605","2"
"9.606","0"
"9.607","0"
"9.608","0"
"9.609","0"
"9.61","0"
"9.611","0"
"9.612","0"
"9.613","0"
"9.614","0"
"9.615","0"
"9.616","0"
"9.617","0"
"9.618","0"
"9.619","0"
"9.62","0"
"9.621","0"
"9.622","0"
"9.623","2"
"9.624","0"
"9.625","0"
"9.626","0"
"9.627","0"
"9.628","0"
"9.629","1"
"9.63","1"
"9.631","1"
"9.632","0"
"9.633","0"
"9.634","0"
"9.635","0"
"9.636","2"
"9.637","1"
"9.638","0"
"9.639","1"
"9.64","0"
"9.641","0"
"9.642","0"
"9.643","10"
"9.644","2"
"9.645","0"
"9.646","0"
"9.647","1"
"9.648","0"
"9.649","0"
"9.65","0"
"9.651","0"
"9.652","2"
"9.653","0"
"9.654","0"
"9.655","1"
"9.656","1"
"9.657","0"
"9.658","1"
"9.659","0"
"9.66","0"
"9.661","0"
"9.662","0"
"9.663","0"
"9.664","0"
"9.665","0"
"9.666","0"
"9.667","0"
"9.668","0"
"9.669","0"
"9.67","0"
"9.671","0"
"9.672","0"
"9.673","0"
"9.674","0"
"9.675","0"
"9.676","0"
"9.677","0"
"9.678","0"
"9.679","0"
"9.68","0"
"9.681","0"
"9.682","0"
"9.683","0"
"9.684","0"
"9.685","0"
"9.686","0"
"9.687","0"
"9.688","0"
"9.689","0"
"9.69","0"
"9.691","0"
"9.692","0"
"9.693","0"
"9.694","0"
"9.695","0"
"9.696","0"
"9.697","0"
"9.698","0"
"9.699","0"
"9.7","0"
"9.701","0"
"9.702","0"
"9.703","0"
"9.704","0"
"9.705","0"
"9.706","0"
"9.707","0"
"9.708","0"
"9.709","0"
"9.71","0"
"9.711","0"
"9.712","0"
"9.713","0"
"9.714","0"
"9.715","0"
"9.716","0"
"9.717","0"
"9.718","0"
"9.719","0"
"9.72","0"
"9.721","0"
"9.722","0"
"9.723","0"
"9.724","0"
"9.725","0"
"9.726","0"
"9.727","0"
"9.728","0"
"9.729","0"
"9.73","0"
"9.731","0"
"9.732","0"
"9.733","0"
"9.734","0"
"9.735","0"
"9.736","0"
"9.737","0"
"9.738","0"
"9.739","0"
"9.74","0"
"9.741","0"
"9.742","0"
"9.743","0"
"9.744","0"
"9.745","0"
"9.746","0"
"9.747","0"
"9.748","0"
"9.749","0"
"9.75","0"
"9.751","0"
"9.752","0"
"9.753","0"
"9.754","0"
"9.755","0"
"9.756","0"
"9.757","0"
"9.758","0"
"9.759","0"
"9.76","0"
"9.761","0"
"9.762","0"
"9.763","0"
"9.764","0"
"9.765","0"
"9.766","0"
"9.767","0"
"9.768","0"
"9.769","0"
"9.77","0"
"9.771","0"
"9.772","0"
"9.773","0"
"9.774","2"
"9.775","0"
"9.776","0"
"9.777","2"
"9.778","0"
"9.779","2"
"9.78","0"
"9.781","0"
"9.782","0"
"9.783","0"
"9.784","0"
"9.785","0"
"9.786","1"
"9.787","0"
"9.788","0"
"9.789","0"
"9.79","0"
"9.791","0"
"9.792","0"
"9.793","1"
"9.794","0"
"9.795","0"
"9.796","0"
"9.797","1"
"9.798","0"
"9.799","0"
"9.8","0"
"9.801","0"
"9.802","0"
"9.803","0"
"9.804","0"
"9.805","0"
"9.806","0"
"9.807","0"
"9.808","0"
"9.809","0"
"9.81","0"
"9.811","0"
"9.812","1"
"9.813","0"
"9.814","0"
"9.815","0"
"9.816","0"
"9.817","0"
"9.818","1"
"9.819","0"
"9.82","0"
"9.821","0"
"9.822","0"
"9.823","0"
"9.824","0"
"9.825","0"
"9.826","0"
"9.827","0"
"9.828","0"
"9.829","0"
"9.83","0"
"9.831","0"
"9.832","0"
"9.833","0"
"9.834","0"
"9.835","0"
"9.836","0"
"9.837","0"
"9.838","0"
"9.839","0"
"9.84","0"
"9.841","0"
"9.842","0"
"9.843","0"
"9.844","0"
"9.845","0"
"9.846","0"
"9.847","0"
"9.848","0"
"9.849","0"
"9.85","0"
"9.851","0"
"9.852","0"
"9.853","0"
"9.854","0"
"9.855","0"
"9.856","0"
"9.857","0"
"9.858","0"
"9.859","0"
"9.86","0"
"9.861","0"
"9.862","0"
"9.863","0"
"9.864","0"
"9.865","0"
"9.866","0"
"9.867","0"
"9.868","0"
"9.869","0"
"9.87","0"
"9.871","0"
"9.872","0"
"9.873","0"
"9.874","0"
"9.875","0"
"9.876","0"
"9.877","0"
"9.878","0"
"9.879","0"
"9.88","0"
"9.881","0"
"9.882","0"
"9.883","0"
"9.884","0"
"9.885","0"
"9.886","0"
"9.887","0"
"9.888","0"
"9.889","0"
"9.89","0"
"9.891","0"
"9.892","0"
"9.893","0"
"9.894","0"
"9.895","0"
"9.896","0"
"9.897","0"
"9.898","0"
"9.899","0"
"9.9","0"
"9.901","0"
"9.902","0"
"9.903","0"
"9.904","0"
"9.905","0"
"9.906","0"
"9.907","0"
"9.908","0"
"9.909","0"
"9.91","0"
"9.911","0"
"9.912","0"
"9.913","0"
"9.914","0"
"9.915","0"
"9.916","0"
"9.917","0"
"9.918","0"
"9.919","0"
"9.92","0"
"9.921","0"
"9.922","0"
"9.923","0"
"9.924","0"
"9.925","0"
"9.926","0"
"9.927","0"
"9.928","0"
"9.929","0"
"9.93","0"
"9.931","0"
"9.932","0"
"9.933","0"
"9.934","0"
"9.935","0"
"9.936","0"
"9.937","0"
"9.938","0"
"9.939","0"
"9.94","0"
"9.941","0"
"9.942","0"
"9.943","0"
"9.944","0"
"9.945","0"
"9.946","0"
"9.947","0"
"9.948","0"
"9.949","0"
"9.95","0"
"9.951","0"
"9.952","0"
"9.953","0"
"9.954","0"
"9.955","0"
"9.956","0"
"9.957","0"
"9.958","0"
"9.959","0"
"9.96","0"
"9.961","0"
"9.962","0"
"9.963","0"
"9.964","0"
"9.965","0"
"9.966","0"
"9.967","0"
"9.968","0"
"9.969","0"
"9.97","0"
"9.971","0"
"9.972","0"
"9.973","0"
"9.974","0"
"9.975","0"
"9.976","0"
"9.977","0"
"9.978","0"
"9.979","0"
"9.98","0"
"9.981","0"
"9.982","0"
"9.983","0"
"9.984","0"
"9.985","0"
"9.986","0"
"9.987","0"
"9.988","0"
"9.989","0"
"9.99","0"
"9.991","0"
"9.992","0"
"9.993","0"
"9.994","0"
"9.995","0"
"9.996","0"
"9.997","0"
"9.998","0"
"9.999","0"
"10","0"
"10.001","0"
"10.002","0"
"10.003","0"
"10.004","0"
"10.005","0"
"10.006","0"
"10.007","0"
"10.008","0"
"10.009","0"
"10.01","0"
"10.011","0"
"10.012","0"
"10.013","0"
"10.014","0"
"10.015","0"
"10.016","0"
"10.017","0"
"10.018","0"
"10.019","0"
"10.02","0"
"10.021","0"
"10.022","0"
"10.023","0"
"10.024","0"
"10.025","0"
"10.026","0"
"10.027","0"
"10.028","0"
"10.029","0"
"10.03","0"
"10.031","0"
"10.032","0"
"10.033","0"
"10.034","0"
"10.035","0"
"10.036","0"
"10.037","0"
"10.038","0"
"10.039","0"
"10.04","0"
"10.041","0"
"10.042","0"
"10.043","0"
"10.044","0"
"10.045","0"
"10.046","0"
"10.047","0"
"10.048","0"
"10.049","0"
"10.05","0"
"10.051","0"
"10.052","0"
"10.053","0"
"10.054","0"
"10.055","0"
"10.056","0"
"10.057","0"
"10.058","0"
"10.059","0"
"10.06","0"
"10.061","0"
"10.062","0"
"10.063","0"
"10.064","0"
"10.065","0"
"10.066","1"
"10.067","0"
"10.068","0"
"10.069","0"
"10.07","0"
"10.071","0"
"10.072","0"
"10.073","0"
"10.074","0"
"10.075","0"
"10.076","0"
"10.077","0"
"10.078","0"
"10.079","0"
"10.08","1"
"10.081","0"
"10.082","0"
"10.083","0"
"10.084","0"
"10.085","0"
"10.086","0"
"10.087","0"
"10.088","0"
"10.089","2"
"10.09","2"
"10.091","0"
"10.092","3"
"10.093","0"
"10.094","3"
"10.095","0"
"10.096","0"
"10.097","1"
"10.098","1"
"10.099","2"
"10.1","0"
"10.101","1"
"10.102","0"
"10.103","1"
"10.104","0"
"10.105","0"
"10.106","0"
"10.107","0"
"10.108","1"
"10.109","0"
"10.11","2"
"10.111","0"
"10.112","0"
"10.113","0"
"10.114","0"
"10.115","0"
"10.116","0"
"10.117","0"
"10.118","0"
"10.119","1"
"10.12","0"
"10.121","0"
"10.122","0"
"10.123","0"
"10.124","0"
"10.125","0"
"10.126","0"
"10.127","0"
"10.128","0"
"10.129","0"
"10.13","0"
"10.131","0"
"10.132","0"
"10.133","0"
"10.134","0"
"10.135","0"
"10.136","0"
"10.137","0"
"10.138","0"
"10.139","0"
"10.14","0"
"10.141","0"
"10.142","0"
"10.143","0"
"10.144","0"
"10.145","0"
"10.146","0"
"10.147","0"
"10.148","0"
"10.149","0"
"10.15","0"
"10.151","0"
"10.152","0"
"10.153","0"
"10.154","0"
"10.155","0"
"10.156","0"
"10.157","0"
"10.158","0"
"10.159","0"
"10.16","0"
"10.161","0"
"10.162","0"
"10.163","0"
"10.164","0"
"10.165","0"
"10.166","0"
"10.167","0"
"10.168","0"
"10.169","0"
"10.17","0"
"10.171","0"
"10.172","0"
"10.173","0"
"10.174","0"
"10.175","0"
"10.176","0"
"10.177","0"
"10.178","0"
"10.179","0"
"10.18","0"
"10.181","0"
"10.182","0"
"10.183","0"
"10.184","0"
"10.185","0"
"10.186","0"
"10.187","0"
"10.188","0"
"10.189","0"
"10.19","0"
"10.191","0"
"10.192","0"
"10.193","0"
"10.194","0"
"10.195","0"
"10.196","0"
"10.197","0"
"10.198","0"
"10.199","0"
"10.2","0"
"10.201","0"
"10.202","0"
"10.203","0"
"10.204","0"
"10.205","0"
"10.206","0"
"10.207","0"
"10.208","0"
"10.209","0"
"10.21","0"
"10.211","0"
"10.212","0"
"10.213","0"
"10.214","0"
"10.215","0"
"10.216","0"
"10.217","0"
"10.218","0"
"10.219","0"
"10.22","0"
"10.221","0"
"10.222","0"
"10.223","0"
"10.224","0"
"10.225","0"
"10.226","0"
"10.227","0"
"10.228","0"
"10.229","0"
"10.23","0"
"10.231","0"
"10.232","0"
"10.233","0"
"10.234","0"
"10.235","0"
"10.236","0"
"10.237","0"
"10.238","0"
"10.239","0"
"10.24","0"
"10.241","0"
"10.242","0"
"10.243","0"
"10.244","0"
"10.245","0"
"10.246","1"
"10.247","0"
"10.248","0"
"10.249","0"
"10.25","0"
"10.251","0"
"10.252","2"
"10.253","0"
"10.254","1"
"10.255","0"
"10.256","1"
"10.257","1"
"10.258","0"
"10.259","0"
"10.26","1"
"10.261","0"
"10.262","0"
"10.263","0"
"10.264","2"
"10.265","0"
"10.266","2"
"10.267","0"
"10.268","0"
"10.269","1"
"10.27","0"
"10.271","0"
"10.272","0"
"10.273","1"
"10.274","1"
"10.275","0"
"10.276","0"
"10.277","11"
"10.278","1"
"10.279","2"
"10.28","3"
"10.281","0"
"10.282","0"
"10.283","0"
"10.284","1"
"10.285","0"
"10.286","1"
"10.287","0"
"10.288","0"
"10.289","0"
"10.29","0"
"10.291","0"
"10.292","0"
"10.293","0"
"10.294","0"
"10.295","1"
